SOB-02,Os. Sobieskiego,A|T|N,52.4640305853,16.9167459011
SZYM-02,Szymanowskiego,A|T|N,52.4604058671,16.9170248508
KURP-02,Kurpińskiego,A|T|N,52.4507853528,16.9195353985
LECH-02,Lechicka/Poznań Plaza,A|T|N,52.442467455,16.9199860096
ALSO-02,Al. Solidarności,A|T|N,52.4360219661,16.9200986624
SLKA-02,Słowiańska,A|T|N,52.4271353908,16.9193583727
MT-03,Most Teatralny,T,52.4103941964,16.9142299891
FRRY-01,Fredry,T,52.4093961328,16.9187790155
GWAR-02,Gwarna,T,52.4075308387,16.9212466478
GWAR-01,Gwarna,A|T|N,52.4075439287,16.9212412834
RKAP-04,Rondo Kaponiera,A|T|N,52.4077860941,16.913446784
RKAP-02,Rondo Kaponiera,A|T|N,52.4084176813,16.9128191471
MT-04,Most Teatralny,A|T|N,52.4108392273,16.9137793779
SLKA-01,Słowiańska,A|T|N,52.4271746435,16.9195622206
ALSO-01,Al. Solidarności,A|T|N,52.4359958029,16.9203400612
LECH-01,Lechicka/Poznań Plaza,A|T|N,52.4423955167,16.9201523066
KURP-01,Kurpińskiego,A|T|N,52.4508245844,16.9197285175
SZYM-01,Szymanowskiego,A|T|N,52.4604189414,16.9172340631
SOB-01,Os. Sobieskiego,A|T|N,52.4638246805,16.9178509712
STAR-92,Starołęka,T,52.3685608913,16.9324368238
BYST-02,Bystra,T,52.3710566797,16.9346791506
STOM-02,Stomil,T,52.3760838568,16.9400596619
RSTA-06,Rondo Starołęka,T,52.3795255874,16.9430154562
RSTA-02,Rondo Starołęka,T,52.3810155017,16.9435840845
ORZE-02,Os. Rzeczypospolitej,T,52.3854096376,16.9451129436
OPIA-02,Os. Piastowskie,T,52.389993218,16.9472372532
WIOS-02,Wioślarska,T,52.3930213938,16.9489485025
RRAT-04,Rondo Rataje,T,52.3949789581,16.9501447678
KORN-02,Kórnicka,T,52.3987923581,16.9523227215
KORN-05,Kórnicka,T,52.3997939347,16.9529342651
BAKA-02,Baraniaka,T,52.4038752879,16.9544577599
ROSR-04,Rondo Śródka,T,52.4095041211,16.9564962387
ROSR-02,Rondo Śródka,T,52.4102534872,16.9557988644
KATE-02,Katedra,T,52.4100996882,16.947285533
MAGA-02,Małe Garbary,T,52.4108817668,16.9373399019
PLWI-02,Pl Wielkopolski,T,52.4102862103,16.9309347868
PLCR-02,Pl.C.Ratajskiego,T,52.409638288,16.9241756201
PLCR-01,Pl.C.Ratajskiego,T,52.4095630237,16.9243043661
PLWI-01,Pl Wielkopolski,T,52.410273121,16.9311225414
MAGA-01,Małe Garbary,T,52.4107934155,16.9374042749
KATE-01,Katedra,T,52.410037514,16.9473713636
ROSR-01,Rondo Śródka,T,52.4101291391,16.9558095932
ROSR-03,Rondo Śródka,T,52.4095237553,16.9563299417
BAKA-01,Baraniaka,T,52.4038032865,16.9543290138
KORN-01,Kórnicka,T,52.3987825386,16.9522154331
RRAT-03,Rondo Rataje,T,52.3963897908,16.95081532
WIOS-01,Wioślarska,T,52.3930574033,16.9488251209
OPIA-01,Os. Piastowskie,T,52.3904089906,16.9472908974
ORZE-01,Os. Rzeczypospolitej,T,52.3854489275,16.9449734688
RSTA-01,Rondo Starołęka,T,52.3810187762,16.9433909655
RSTA-05,Rondo Starołęka,T,52.3795157636,16.9428491592
STOM-91,Stomil,T,52.3765456078,16.9404190779
BYST-91,Bystra,T,52.3711680371,16.9346040487
STAR-91,Starołęka,T,52.3684429766,16.9318413734
MILO-02,Miłostowo,T,52.4099131653,17.0029306412
PUST-02,Pusta,T,52.4099524333,16.9957852364
LOMZ-02,Łomżyńska,T,52.4096186539,16.9853085279
KRAC-02,Krańcowa,T,52.4094321289,16.9812315702
NOVO-02,Novotel,T,52.4091507039,16.972348094
SWMI-02,Św. Michała,T,52.4091408867,16.9622254372
ROSR-06,Rondo Śródka,T,52.4099949737,16.9580626488
FRRY-02,Fredry,T,52.4094746698,16.9190311432
MT-01,Most Teatralny,A|T|N,52.4100964159,16.9133287668
RKAP-01,Rondo Kaponiera,A|T|N,52.4083555048,16.9126099348
MODW-01,Most Dworcowy,T,52.403858924,16.9110918045
DWZA-91,Dworzec Zachodni,T,52.4018232032,16.9091016054
PAWI-91,Park Wilsona,T,52.3982817416,16.9032973051
RYLA-91,Rynek Łazarski,T,52.3936990221,16.8981528282
GLHE-01,Głogowska/Hetmańska,T,52.3904220858,16.8944889307
KRAU-91,Krauthofera,T,52.3875607057,16.8914687634
SIEL-91,Sielska,T,52.3840442935,16.8870699406
GORC-01,Górczyn,T,52.3814084378,16.8813246489
GORC-02,Górczyn,T,52.38105807,16.8813943863
SIEL-92,Sielska,T,52.3840410192,16.8871450424
KRAU-92,Krauthofera,T,52.3870499593,16.891066432
GLHE-92,Głogowska/Hetmańska,T,52.3903697052,16.8946230412
RYLA-92,Rynek Łazarski,T,52.3945239467,16.8993705511
PAWI-92,Park Wilsona,T,52.3981769991,16.9032973051
DWZA-92,Dworzec Zachodni,T,52.4017708361,16.9091874361
MODW-02,Most Dworcowy,T,52.4037411035,16.9111829996
ROSR-05,Rondo Śródka,T,52.4098542632,16.9579768181
SWMI-01,Św. Michała,T,52.4089772666,16.9624507427
NOVO-01,Novotel,T,52.4090623491,16.9723856449
KRAC-01,Krańcowa,T,52.4093110509,16.981408596
LOMZ-01,Łomżyńska,T,52.4095073935,16.9853568077
PUST-01,Pusta,T,52.4098411738,16.9958281517
MILO-01,Miłostowo,T,52.409939344,17.0028877258
RKAP-03,Rondo Kaponiera,A|T|N,52.407609379,16.9134199619
SWMN-01,Św. Marcin,A|T|N,52.4072886719,16.9184195995
MRCI-01,Marcinkowskiego,A|T|N,52.4061629062,16.9284832478
MRCI-92,Marcinkowskiego,A|T|N,52.4073475774,16.9289928675
PLWO-91,Plac Wolności,A|T|N,52.4079693535,16.9257581234
RKAP-05,Rondo Kaponiera,A|N,52.40833587,16.9128137827
DWGL-22,Dworzec Główny,A|N,52.4030799937,16.9119501114
BALT-21,Bałtyk,A|N,52.4069745076,16.9120359421
SZPI-21,Szpitalna,A|N,52.4111108249,16.8786048889
PLL-21,Lotnisko Ławica,A|N,52.4146447127,16.8285655975
PLL-22,Lotnisko Ławica,A|N,52.4146578006,16.8284153938
SZPI-22,Szpitalna,A|N,52.4110322908,16.8775749207
BALT-22,Bałtyk,A,52.4079628085,16.9095790386
DWGL-21,Dworzec Główny,A|N,52.4030472652,16.9120144844
RKAP-22,Rondo Kaponiera,A|N,52.4084471334,16.913216114
MT-21,Most Teatralny,A|N,52.4113071594,16.9141387939
WIKA-21,Wielkopolska,A|N,52.4155150527,16.9184625149
ARPO-21,Armii Poznań,A|N,52.4214433781,16.922904253
SLKA-24,Słowiańska,A|N,52.4270568853,16.921005249
OZIM-22,Ozimina,A|N,52.4287054718,16.9263374805
OPRZ-22,Os. Przyjaźni,A|N,52.4306876193,16.9315838814
OPL-24,Os. Pod Lipami,A,52.4305894953,16.9355964661
MURA-21,Murawa,A,52.4274003459,16.9357895851
MURA-22,Murawa,A,52.4312011314,16.9367873669
OPL-22,Os. Pod Lipami,A|N,52.4309165745,16.9346898794
OPRZ-21,Os. Przyjaźni,A|N,52.4305927661,16.9299584627
OZIM-21,Ozimina,A|N,52.4284078149,16.9254040718
SLKA-22,Słowiańska,A|N,52.4264124805,16.9200825691
URBA-21,Urbanowska,A|N,52.4219569979,16.9196695089
PRNZ-22,Przepadek n/ż,A|N,52.4190093277,16.9234728813
POLO-22,Polonez,A|N,52.4154888773,16.9264340401
LIBE-22,Libelta,A|N,52.4132442799,16.9204258919
ZAME-22,Zamek,A,52.4087416526,16.9178509712
RKAP-21,Rondo Kaponiera,A|N,52.4088790943,16.9125723839
SZYL-21,Szylinga,A|N,52.4080348031,16.900523901
POLN-21,Polna/Szpital,A|N,52.4092194241,16.8920588493
GROD-21,Grodziska,A|N,52.4101029605,16.8852782249
SWOB-21,Swoboda,A,52.4117521811,16.873819828
BUNZ-21,Bukowska n/ż,A,52.4123280849,16.8679404259
JASN-21,Jasna,A|N,52.4120270452,16.8637132645
ZGOR-21,Zgorzelecka,A|N,52.4120532226,16.8581020832
LESK-21,Leśnych Skrzatów,A|N,52.412210287,16.8519866467
BASN-21,Baśniowa,A,52.4125505911,16.8442296982
KRSN-21,Królewny Śnieżki,A,52.4128516272,16.836386919
KRSN-22,Królewny Śnieżki,A,52.4126945652,16.837105751
BASN-22,Baśniowa,A,52.4123542621,16.8438434601
LESK-22,Leśnych Skrzatów,A|N,52.4120532226,16.8522119522
ZGOR-22,Zgorzelecka,A|N,52.4117652699,16.8597435951
JASN-22,Jasna,A|N,52.4118601636,16.8655800819
SWOB-22,Swoboda,A,52.4117718143,16.8725860119
GROD-22,Grodziska,A|N,52.4101422284,16.8838620186
POLN-22,Polna/Szpital,A|N,52.408980539,16.892863512
SZYL-22,Szylinga,A|N,52.407844999,16.9006741047
STDW-22,Starołęka Dworzec,A,52.366670942,16.9302642345
SWAN-21,Św. Antoniego,A|N,52.3641683544,16.9274425507
ZEGL-21,Żeglarska,A|N,52.3570922087,16.9239664078
DZIE-21,Dziedzicka,A|N,52.3541631391,16.9225394726
STAW-21,Starołęcka Wiadukt n/ż,A|N,52.3512109384,16.9211983681
TARN-21,Tarnobrzeska,A|N,52.3462726883,16.9186878204
STWI-21,Starołęka Wielka,A|N,52.3420647459,16.9181728363
STRZ-21,Strzeleckiego,A|N,52.3356013006,16.9243097305
OZAR-21,Ożarowska,A|N,52.3325593523,16.9321632385
GLUS-21,Głuszyna,A|N,52.3217928467,16.9475269318
DASZ-21,Daszewicka,A|N,52.3185794354,16.9528698921
BL I-21,Bloki I,A|N,52.3148017393,16.9624185562
BLII-21,Bloki II,A|N,52.3128996522,16.9676113129
PIOT-21,Piotrowo,A|N,52.3112992122,16.9739413261
SYPN-21,Sypniewo,A|N,52.3080325607,16.9823741913
SYPN-22,Sypniewo,A|N,52.3080194411,16.9823098183
PIOT-22,Piotrowo,A|N,52.3114959907,16.9742202759
BLII-22,Bloki II,A|N,52.3130045971,16.9683408737
BL I-22,Bloki I,A|N,52.3148935621,16.9622683525
DASZ-22,Daszewicka,A|N,52.3185925519,16.9533205032
GLUS-22,Głuszyna,A|N,52.3222912325,16.9475269318
OZAR-22,Ożarowska,A|N,52.3328215975,16.9321632385
STRZ-22,Strzeleckiego,A|N,52.3360733083,16.9242238998
STWI-22,Starołęka Wielka,A|N,52.3421958405,16.9184088707
TARN-22,Tarnobrzeska,A|N,52.3454861874,16.9185590744
CZER-22,Czernichowska n/ż,A|N,52.3470067431,16.9192886353
STAW-22,Starołęcka Wiadukt n/ż,A|N,52.3513583893,16.9213271141
DZIE-22,Dziedzicka,A|N,52.3541369273,16.9227647781
ZEGL-22,Żeglarska,A|N,52.3570332361,16.9241809845
SWAN-22,Św. Antoniego,A|N,52.3643059348,16.927614212
SWAN-23,Św. Antoniego n/ż,A,52.3642666262,16.9304466248
STDW-21,Starołęka Dworzec,A,52.3668085147,16.9304037094
RADW-22,Rataje Dworzec,A|N,52.3968153232,16.9500589371
OJAG-21,Os.Jagiellońskie,A|N,52.3932538182,16.9576442242
LIII-21,Os. Lecha III,A|N,52.3878291726,16.9679546356
KRUS-21,Krzywoustego n/ż,A|N,52.3839689855,16.9713288546
OCZ-22,Os. Czecha,A|N,52.3872464009,16.9776749611
PIAS-21,Piaśnicka,A|N,52.3894563089,16.9797724485
OT I-21,Os. Tysiąclecia I,A|N,52.3932800068,16.9810116291
CHAR-21,Chartowo,A|N,52.3956434626,16.9841980934
BIGO-21,Biała Góra,A|N,52.3938037752,16.9913434982
ZELA-21,Żelazna,A|N,52.3918788957,16.9997870922
PRZM-21,Os. Przemysława,A|N,52.3919312745,17.010923624
PIWN-24,Piwna,A,52.3921538836,17.0146250725
KOBY-22,Kobylepole n/ż,A,52.3909098769,17.0189487934
LOKO-22,Lokomotywownia,A,52.3885363458,17.0259600878
DARZ-22,Darzybór,A,52.3881205555,17.0294201374
BORO-22,Borówki n/ż,A,52.3898884557,17.0322740078
ZYNA-22,Żywiczna n/ż,A,52.3909098769,17.0346558094
NAST-22,Nastawnia,A,52.3948381997,17.0377135277
SWSZ-21,Swarzędz/Szumana,A,52.3986025142,17.0464092493
SWPR-21,Swarzędz/Przybylskiego,A,52.4015744592,17.0554322004
SWCE-21,Swarzędz/Os. Cegielskieg,A,52.401024599,17.0591926575
SWRA-21,Swarzędz/Os. Raczyńskieg,A,52.3999117657,17.0633500814
SWGR-21,Swarzędz/Graniczna,A,52.3980100651,17.0702970028
ZAPL-21,Zalasewo/Planetarna,A,52.3917544958,17.0687198639
ZAPL-22,Zalasewo/Planetarna,A,52.3918134221,17.0689880848
SWGR-22,Swarzędz/Graniczna,A,52.3981409938,17.0702433586
SWRA-22,Swarzędz/Os. Raczyńskieg,A,52.4000165042,17.0634949207
SWCE-22,Swarzędz/Os. Cegielskieg,A,52.4011686106,17.0592194796
SWPR-22,Swarzędz/Przybylskiego,A,52.4017053773,17.0555448532
SWSZ-22,Swarzędz/Szumana,A,52.398386484,17.0453417301
NAST-21,Nastawnia,A,52.3949756846,17.0377242565
BORO-21,Borówki n/ż,A,52.3900259561,17.0321238041
DARZ-21,Darzybór,A,52.387996145,17.0287871361
LOKO-21,Lokomotywownia,A,52.3886836721,17.0260190964
KOBY-21,Kobylepole n/ż,A,52.3909753518,17.0188951492
PIWN-23,Piwna,A,52.3921342417,17.0148289204
PRZM-22,Os. Przemysława,A|N,52.3920163898,17.0107841492
ZELA-22,Żelazna,A|N,52.3920229372,17.0000338554
BIGO-22,Biała Góra,A|N,52.3941114863,16.9903242588
CHAR-23,Chartowo,A|N,52.3956761966,16.9824278355
OT I-22,Os. Tysiąclecia I,A|N,52.3936793808,16.9809687138
PIAS-24,Piaśnicka,A|N,52.3895348813,16.9791930914
OCZ-21,Os. Czecha,A|N,52.3872365788,16.9769239426
LIII-22,Os. Lecha III,A|N,52.3879273917,16.9686198235
OJAG-22,Os.Jagiellońskie,A|N,52.3934502322,16.9580948353
RADW-21,Rataje Dworzec,A|N,52.3966189241,16.9499623775
TORO-21,Torowa n/ż,A,52.3697989772,16.9883716106
LUGA-21,Ługańska,A,52.3713055957,16.9945836067
WIEP-21,Wieprawska,A,52.369048924,17.000130415
SZWO-21,Szczepankowo,A,52.3646204029,17.0093035698
OLIW-21,Oliwkowa,A,52.3598900425,17.0191848278
GOSP-21,Gospodarska,A,52.3547987702,17.0280253887
SPLA-21,Spławie,A,52.3515156697,17.024731636
SPLA-22,Spławie,A|N,52.3515615431,17.0247745514
GOSP-22,Gospodarska,A|N,52.3548708515,17.0282292366
OLIW-22,Oliwkowa,A|N,52.3596214057,17.0200753212
SZWO-22,Szczepankowo,A|N,52.3645614403,17.0097970963
WIEP-22,Wieprawska,A|N,52.3688327491,17.0010209084
LUGA-22,Ługańska,A|N,52.3714922819,16.9954204559
SRDW-22,Śródka Dworzec,A,52.4093895881,16.9546186924
BAKA-23,Baraniaka,A|N,52.4033483662,16.9556647539
KATO-21,Katowicka n/ż,A|N,52.402104675,16.9623327255
WOLK-21,Wołkowyska,A|N,52.3999674081,16.9693654776
WIAN-21,Wiankowa,A|N,52.3983995767,16.9749820232
PIWN-21,Piwna,A|N,52.3927464113,17.0151883364
MLYN-21,Młyn n/ż,A|N,52.3993553386,17.0186161995
ZIEM-21,Ziemowita,A|N,52.4041240189,17.0217812061
SOBI-21,Sobiesława,A|N,52.4059665487,17.0237338543
SWIA-21,Światopełka,A|N,52.4085976657,17.0249140263
MILO-22,Miłostowo,A|N,52.4104694593,17.0031988621
PUST-22,Pusta,A|N,52.4102273087,16.995742321
LOMZ-22,Łomżyńska,A|N,52.4099066206,16.9867622852
KRAN-21,Krańcowa,A,52.4087547423,16.9808721542
CZEK-21,Czekalskie,A,52.4043302028,16.9850242138
KRNZ-21,Krańcowa n/ż,A,52.4026152472,16.98985219
ZOO-21,Nowe Zoo,A,52.4004158172,16.9936823845
MOGI-21,Mogileńska,A|N,52.4078646339,16.9940900803
ZOO-22,Nowe Zoo,A,52.4003438102,16.9936072826
KRNZ-22,Krańcowa n/ż,A,52.4026152472,16.9898092747
CZEK-22,Czekalskie,A,52.4048800218,16.984487772
KRAN-22,Krańcowa,A,52.4089707218,16.9811189175
LOMZ-21,Łomżyńska,A|N,52.4096710116,16.985861063
MOGI-22,Mogileńska,A|N,52.4078646339,16.9940900803
PUST-21,Pusta,A|N,52.409998246,16.9956457615
MILO-21,Miłostowo,A|N,52.410273121,17.0032954216
BONY-21,Bożeny,A|N,52.4106952472,17.0161271095
SWIA-22,Światopełka,A|N,52.4078908139,17.0247101784
SOBI-22,Sobiesława,A|N,52.4060320013,17.0235514641
ZIEM-22,Ziemowita,A|N,52.4037214667,17.0209980011
MLYN-22,Młyn n/ż,A|N,52.3992636911,17.0184981823
PIWN-22,Piwna,A|N,52.3927300432,17.0150434971
CHAR-22,Chartowo,A|N,52.3964094309,16.9823849201
WIAN-22,Wiankowa,A|N,52.398674524,16.9749498367
WOLK-22,Wołkowyska,A|N,52.400101604,16.9697356224
KATO-22,Katowicka n/ż,A|N,52.4023795992,16.9623756409
BAKA-22,Baraniaka,A|N,52.404192747,16.9545221329
ROSR-24,Rondo Śródka,A|N,52.4094910316,16.9558954239
SRDW-21,Śródka Dworzec,A,52.4093830433,16.9546508789
GORC-22,Górczyn,A|N,52.3819716401,16.8817698956
BOJA-21,Bojanowska,A,52.3763916913,16.8722909689
GOST-21,Gostyńska,A,52.3743547034,16.868519783
WYKO-21,Wykopy,A,52.3704573103,16.8634396791
FABI-21,Fabianowo,A,52.3652165759,16.8572759628
NOKO-21,Nowe Kotowo,A,52.3610497483,16.8538212776
CEDZ-21,Cedzyńska,A,52.3674767188,16.8493580818
WOLO-21,Wołowska,A,52.3702051142,16.8431299925
KOWA-22,Kowalewicka,A,52.3686427764,16.8462413549
CEDZ-22,Cedzyńska,A,52.3670574547,16.8499588966
KOTO-21,Kotowo,A,52.3584354531,16.8536710739
URAD-21,Uradzka,A,52.355952057,16.8584990501
PONI-21,Poniatowskiego,A,52.3522824036,16.8655049801
RZAB-21,Rynek Żabikowo,A,52.3493726762,16.8606555462
LUZA-21,Luboń Żabikowo,A,52.3453747653,16.8556451797
LUZA-22,Luboń Żabikowo,A,52.3453813196,16.8556022644
RZAB-22,Rynek Żabikowo,A,52.3490908681,16.8604302406
PONI-22,Poniatowskiego,A,52.3522561907,16.8656766415
URAD-22,Uradzka,A,52.3555064725,16.8599152565
KOTO-22,Kotowo,A,52.3587434107,16.8536603451
TYNZ-22,Tyniecka n/ż,A,52.3615738992,16.8553447723
FABI-22,Fabianowo,A,52.3649872795,16.8575012684
WYKO-22,Wykopy,A,52.3701821872,16.8632411957
GOST-22,Gostyńska,A,52.3742237042,16.8688631058
BOJA-22,Bojanowska,A,52.3764244396,16.8729186058
GORC-21,Górczyn,A|N,52.381955268,16.8817806244
DWOR-21,Dworcowa,A|N,52.4069810527,16.9134092331
ZAME-21,Zamek,A,52.4090688939,16.9182050228
URWO-21,Urząd Wojewódzki,A,52.4113987819,16.9193530083
SOLN-21,Solna,A|N,52.4116605593,16.9288265705
MAGA-21,Małe Garbary,A,52.411686737,16.9389760494
GABA-21,Garbary,A,52.4173734657,16.9401884079
WIGR-21,Winogrady n/ż,A,52.4234389375,16.9487822056
WILC-21,Wilczak,A,52.4272727751,16.9479507208
NASE-21,Naramowicka/Serbska,A,52.4326500537,16.9467544556
WLOD-21,Włodarska,A,52.4362737863,16.9475054741
NAWI-21,Naramowicka,A,52.4403419541,16.9470977783
NARA-21,Naramowice,A|N,52.4445797744,16.9464111328
OSLO-21,Os. Łokietka I,A|N,52.4478886531,16.9442224503
KULY-21,Kupały,A|N,52.4511711291,16.9361758232
LUCK-21,Łużycka n/ż,A|N,52.4515765175,16.9331502914
STOI-21,Stoińskiego,A|N,52.4509488177,16.9266271591
KURP-21,Kurpińskiego,A,52.4509095862,16.9195246696
WOKI-21,Wojciechowskiego,A,52.4505826554,16.91426754
OSCH-21,Os. Chrobrego,A|N,52.4515111326,16.9122719765
OJLY-21,Os. Jagiełły,A|N,52.4542310657,16.9046759605
WRTV-21,Wieża Rtv,A|N,52.4571469612,16.9045686722
OSZY-21,Os.Zygmunta Starego,A|N,52.4601280359,16.9106197357
SZYI-21,Szymanowskiego I,A|N,52.4602457058,16.917142868
SZLI-21,Szeligowskiego,A|N,52.4624290784,16.9177222252
SODW-23,Sobieskiego Dworzec,A|N,52.4640044387,16.9168317318
SODW-22,Sobieskiego Dworzec,A|N,52.4650045344,16.9158875942
SZLI-22,Szeligowskiego,A,52.4625075209,16.9177651405
SZYM-22,Szymanowskiego,A|N,52.4604418215,16.9171643257
OSZY-22,Os.Zygmunta Starego,A,52.4603110778,16.9087743759
WRTV-22,Wieża Rtv,A|N,52.4562709053,16.9041395187
OJLY-22,Os. Jagiełły,A|N,52.4535772509,16.9074440002
OSCH-22,Os. Chrobrego,A|N,52.4515242096,16.9119715691
WOKI-22,Wojciechowskiego,A,52.4505630395,16.9145572186
KURP-22,Kurpińskiego,A,52.4506088099,16.919631958
OSSM-21,Os. B. Śmiałego,A,52.4506218872,16.9217777252
STOI-22,Stoińskiego,A|N,52.4507003508,16.9281721115
KULY-22,Kupały,A|N,52.4510665121,16.9359827042
OSLO-22,Os. Łokietka I,A|N,52.4477055596,16.9441366196
NARA-22,Naramowice,A|N,52.4447105648,16.9461965561
NAWI-22,Naramowicka,A,52.4398841404,16.9469690323
WLOD-22,Włodarska,A,52.4357374403,16.947119236
NASE-22,Naramowicka/Serbska,A|N,52.4312763588,16.9459819794
WILC-22,Wilczak,A,52.427612963,16.9473552704
WIGR-22,Winogrady n/ż,A,52.4220518697,16.9468832016
GABA-22,Garbary,A,52.4166471234,16.9395017624
GRLA-21,Grochowe Łąki,A,52.4135060464,16.9389009476
MAGA-22,Małe Garbary,A|N,52.4113202483,16.9371843338
SOLN-22,Solna,A|N,52.4119223353,16.92892313
DWOR-22,Dworcowa,A|N,52.4067127023,16.913151741
OGDY-23,Ogrody,A,52.4169546752,16.8825262785
JASN-23,Jasna,A,52.410646163,16.8641424179
OGNI-21,Ognik,A|N,52.4070203234,16.8676185608
MARS-21,Marszałkowska,A|N,52.401659556,16.8650007248
BULG-23,Bułgarska,A|N,52.3949953253,16.8629193306
TACZ-21,Taczanowskiego,A,52.3916955694,16.8668246269
SCIE-21,Ściegiennego,A|N,52.3899866703,16.8749141693
KORD-21,Kordeckiego,A|N,52.3864704514,16.8794846535
KORD-23,Kordeckiego,A|N,52.3876130896,16.8788087368
SCIE-22,Ściegiennego,A,52.3908705919,16.8737983704
TACZ-22,Taczanowskiego,A,52.3917610432,16.8683052063
BULG-24,Bułgarska,A|N,52.3960559087,16.8625330925
MARS-22,Marszałkowska,A|N,52.4006383836,16.8645071983
OGNI-22,Ognik,A|N,52.4066603411,16.8678545952
SZPI-25,Szpitalna,A,52.4118110807,16.8772852421
OGDY-27,Ogrody,A,52.4170070242,16.882327795
PILS-21,Piłsudskiego,A|N,52.3919181798,16.9527089596
OSWI-21,Os. Oświecenia,A|N,52.3894006533,16.958078742
INFL-21,Inflancka,A|N,52.3851477044,16.9642049074
L I-21,Os. Lecha I,A|N,52.3913420095,16.969499588
ORGN-22,Orle Gniazdo,A|N,52.391171776,16.9754004478
PIAS-23,Piaśnicka,A|N,52.3882875269,16.979675889
PIAR-22,Piaśnicka/Rynek,A|N,52.3870728775,16.9833236933
P K-22,Piaśnicka/Kurlandzka,A|N,52.3845288809,16.9868212938
CZ I-22,Os. Czecha I,A|N,52.3825119146,16.9820684195
SLEZ-23,Ślężańska,A,52.3818832309,16.9735658169
WIAD-21,Wiadukt,A|N,52.368672255,16.9879156351
URSZ-21,Urszulanek,A|N,52.3666676665,16.9829589128
SANT-21,Sanocka,A|N,52.3610694041,16.9794130325
STRA-21,Strzyżowska,A|N,52.3558144505,16.9804859161
POKR-21,Pokrzywno,A|N,52.3507030483,16.9817948341
NIZA-21,Niżańska n/ż,A|N,52.34528956,16.9845414162
JARO-21,Jarosławska,A|N,52.3436706278,16.9851744175
KRNY-21,Krzesiny,A|N,52.3417238981,16.9881248474
KRSZ-21,Krzesiny Szkoła,A|N,52.341140518,16.992470026
KRWI-21,Krzesiny Wiadukt,A|N,52.3399999548,16.999733448
SIEW-21,Siewierska,A|N,52.340468638,17.005623579
TAKA-21,Tarnowska,A|N,52.3417992781,17.0097219944
OSTA-21,Ostrowska,A,52.3541238214,17.0017290115
SWKI-21,Świątniczki,A,52.364476272,16.9959568977
SWKI-22,Świątniczki,A,52.3676863494,16.9941329956
CZII-22,Os.Czecha II,A,52.3832322703,16.9755882025
CZII-23,Os.Czecha II n/ż,A,52.3816278256,16.978597641
CZ I-21,Os. Czecha I,A,52.3824104089,16.9822615385
P K-23,Piaśnicka/Kurlandzka,A|N,52.385334332,16.9869446754
PIAR-21,Piaśnicka/Rynek,A|N,52.3871547282,16.9834899902
PIAS-22,Piaśnicka,A|N,52.388389019,16.9798314571
ORGN-21,Orle Gniazdo,A|N,52.3912568928,16.975749135
L I-22,Os. Lecha I,A|N,52.3911881446,16.9688880444
INFL-22,Inflancka,A|N,52.3854882173,16.9631749392
OSWI-22,Os. Oświecenia,A|N,52.3894563089,16.9586795568
PILS-22,Piłsudskiego,A|N,52.3924288698,16.9518506527
INFL-23,Inflancka,A,52.3845092356,16.9627028704
SZII-21,Os. Stare Żegrze,A|N,52.3806323857,16.9568395615
OBII-21,Os.Orła Białego II,A|N,52.3756155511,16.960798502
OB I-21,Os.Orła Białego I,A|N,52.3751472404,16.9650632143
DZIA-21,Dziadoszańska,A,52.3777539974,16.9712269306
SLEZ-21,Ślężańska,A,52.3799742042,16.9745099545
P K-21,Piaśnicka/Kurlandzka,A,52.3844077346,16.9868910313
RUSA-21,Os. Rusa,A|N,52.3880878159,16.9916278124
R SZ-26,Os. Rusa Szpital,A,52.389937563,16.9942456484
RUSA-23,Os. Rusa,A|N,52.3889193933,16.9922876358
R SZ-23,Os. Rusa Szpital,A|N,52.3900194085,16.9942992926
M1II-21,Centrum M1,A,52.3823121775,16.9912683964
M1II-22,Centrum M1,A|N,52.3822663361,16.9912844896
R SZ-22,Os. Rusa Szpital,A,52.3899179201,16.9942295551
RUSA-22,Os. Rusa,A|N,52.3884577716,16.9915044308
DZIA-22,Dziadoszańska,A|N,52.377095773,16.9693332911
OB I-22,Os.Orła Białego I,A|N,52.3753895836,16.9651812315
OBII-22,Os.Orła Białego II,A|N,52.3761035058,16.9603639841
SZII-22,Os. Stare Żegrze,A|N,52.380180501,16.9567966461
OSPO-21,Os. Polan,A,52.3826920046,16.9600045681
POLO-21,Polonez,A|N,52.4151616837,16.9267237186
SLKA-21,Słowiańska,A|N,52.4277241777,16.9204902649
WYLO-21,Wyłom,A|N,52.4331929785,16.9205760956
ALSO-21,Al. Solidarności,A,52.4361560524,16.9201254845
TROJ-21,Trójpole,A|N,52.4383079171,16.9118857384
SZLU-21,Szpital Lutycka,A,52.4411954368,16.9074386358
ST I-21,Strzeszyńska I,A|N,52.4434484209,16.9041448832
STNZ-21,Strzeszyńska n/ż,A|N,52.4459530546,16.900062561
STII-21,Strzeszyńska II,A|N,52.448575247,16.8961036205
TULO-21,Tułodzieckiej,A|N,52.4521911316,16.8877243996
RZEP-21,Rzepeckiej,A|N,52.4553229146,16.8826174736
BIAL-21,Białczańska,A|N,52.4572254131,16.879452467
KOSO-23,Kosowska,A|N,52.4560878466,16.8773603439
MORS-21,Morszyńska,A|N,52.4582648879,16.8721568584
PODO-21,Podolany,A|N,52.4616381086,16.866492033
PODO-22,Podolany,A|N,52.4614616093,16.8662559986
MORS-22,Morszyńska,A|N,52.4582125879,16.8719744682
KOSO-22,Kosowska,A|N,52.4556824997,16.8768882751
BIAL-22,Białczańska,A|N,52.4569835193,16.8794739246
RZEP-22,Rzepeckiej,A|N,52.4553948319,16.8820166588
TULO-22,Tułodzieckiej,A|N,52.4519361332,16.8875849247
STII-22,Strzeszyńska II,A|N,52.4478559579,16.8969136477
STNZ-22,Strzeszyńska n/ż,A|N,52.445881122,16.8996763229
ST I-22,Strzeszyńska I,A|N,52.4432816582,16.9038498402
SZLU-22,Szpital Lutycka,A,52.4404792972,16.908082366
TROJ-22,Trójpole,A|N,52.4374641894,16.9113922119
OPW-21,Os.Powstańców Warszawy,A,52.4354758058,16.9140958786
ALSO-23,Al. Solidarności,A,52.435868257,16.9201469421
WYLO-22,Wyłom,A|N,52.4329378701,16.9201469421
KSMI-21,Księcia Mieszka I,A|N,52.4297456197,16.9199752808
OM I-21,Os.Marysieńki I,A,52.4604418215,16.9039463997
OMII-21,Os.Marysieńki II,A,52.4639652188,16.9037532806
WIET-21,Wietrzna n/ż,A,52.4679393248,16.9006741047
DESZ-21,Deszczowa,A,52.471573226,16.9020903111
SZKL-21,Szklarniowa,A,52.4774482697,16.9066822529
MOCM-21,Morasko Cmentarz,A,52.4832571912,16.9104158878
MOKO-21,Morasko Kościół,A,52.4887125664,16.9088280201
MORA-24,Morasko,A,52.4893266621,16.905169487
MOKO-24,Morasko Kościół,A,52.4886668355,16.908634901
JSNZ-21,Jaśkowiaka n/ż,A,52.4886341706,16.9153618813
LUGO-21,Os. Lubczykowa Góra,A|N,52.489914618,16.9418406487
RADO-21,Radojewo,A|N,52.4977140892,16.9461536407
MORA-23,Morasko,A,52.4893789251,16.904976368
RADO-22,Radojewo,A|N,52.4978316586,16.9462394714
RA I-21,Radojewo I,A|N,52.4972699353,16.945745945
LUGO-23,Os. Lubczykowa Góra,A,52.4897447648,16.9408750534
JSNZ-22,Jaśkowiaka n/ż,A,52.4888824235,16.915705204
MOKO-23,Morasko Kościół,A,52.488804028,16.9087529182
MORA-22,Morasko,A,52.4892482673,16.9052124023
MOKO-22,Morasko Kościół,A,52.4887778961,16.9084525108
MOCM-22,Morasko Cmentarz,A,52.4835250757,16.9100403786
SZKL-22,Szklarniowa,A,52.4773829231,16.9062423706
DESZ-22,Deszczowa,A,52.4717496848,16.9016933441
WIET-22,Wietrzna n/ż,A,52.4679589329,16.9000840187
OM I-22,Os.Marysieńki I,A|N,52.4612720352,16.9035601616
SWAK-21,Św.Antoniego Kościół,A,52.3637556103,16.9332361221
SWAC-21,Św.Antoniego Cmentarz,A,52.3628514909,16.9380640984
PINC-21,Pińczowska,A,52.3597327919,16.9406604767
ROMI-22,Rondo Minikowo,A,52.3553164424,16.9438576698
RAKA-21,Radomska,A,52.3543466212,16.9480204582
GARA-21,Garaszewo,A,52.3521054662,16.9568181038
RAKA-22,Radomska,A,52.3544776793,16.9481277466
ROMI-21,Rondo Minikowo,A,52.3549888025,16.9428706169
DEKA-21,Dęblińska,A,52.3516467363,16.9419264793
ZAKL-21,Zaklikowska,A,52.3490384385,16.9411754608
MARL-22,Marlewo,A,52.3439131437,16.9402098656
TOMA-22,Tomaszowska,A,52.3438344901,16.9338798523
STAS-22,Staszowska,A,52.345315777,16.926047802
STWI-23,Starołęka Wielka,A,52.3409504261,16.9182372093
KORD-22,Kordeckiego,A,52.3870925217,16.8803429604
PALA-22,Palacza,A,52.3893384499,16.8831110001
ARCI-22,Arciszewskiego,A,52.3924943425,16.8861687183
PROM-22,Promienista,A,52.3961017358,16.8813836575
GROC-24,Grochowska,A,52.4000361426,16.8764805794
MARC-24,Marcelińska,A|N,52.4045789313,16.8756437302
BRZA-22,Brzask,A|N,52.4071643155,16.875590086
SZPI-24,Szpitalna,A,52.4105872618,16.8768882751
OGDY-21,Ogrody,A|N,52.4163919193,16.8817591667
ZERO-21,Żeromskiego,A,52.4159862071,16.8921017647
NIES-21,Niestachowska,A,52.4215938661,16.8950307369
WOPO-22,Wojska Polskiego,A|N,52.4276914676,16.9001913071
UP-22,Uniwersytet Przyrodniczy,A|N,52.4259610644,16.9045257568
SLAS-22,Śląska,A|N,52.4245119222,16.9081521034
SOCH-21,Sochaczewska,A,52.4237398993,16.9134092331
OSSL-21,Os. Słowiańskie,A,52.4258400318,16.9181084633
SLKA-25,Słowiańska,A,52.4270241746,16.9195139408
OPL-21,Os. Pod Lipami,A,52.4310801132,16.9366693497
ROSO-21,Rondo Solidarności,A|N,52.4355085102,16.9393408298
OKOS-21,Os. Kosmonautów,A|N,52.4387330451,16.9409501553
OWW-21,Os.Wichrowe Wzgórze,A|N,52.441774226,16.941229105
OWW-22,Os.Wichrowe Wzgórze,A|N,52.4418396254,16.9409072399
OKOS-22,Os. Kosmonautów,A|N,52.4387134239,16.9405800104
ROSO-22,Rondo Solidarności,A,52.4339255892,16.9376564026
SLKA-23,Słowiańska,A,52.4273185698,16.9194549322
OSSL-22,Os. Słowiańskie,A,52.4251563548,16.9173628092
SLAS-21,Śląska,A|N,52.4242633061,16.9091928005
UP-21,Uniwersytet Przyrodniczy,A|N,52.4261998576,16.9049119949
WOPO-24,Wojska Polskiego,A,52.4275606266,16.8979543447
NIES-22,Niestachowska,A,52.4214859074,16.8944942951
ZERO-22,Żeromskiego,A,52.4160712761,16.8917369843
OGDY-22,Ogrody,A|N,52.4165816866,16.8815660477
SZPI-23,Szpitalna,A,52.4118176251,16.8770062923
BRZA-21,Brzask,A|N,52.4077075541,16.8753433228
MARC-23,Marcelińska,A,52.4038654695,16.8754827976
GROC-23,Grochowska,A,52.3998986734,16.876115799
PROM-21,Promienista,A,52.3959249739,16.8809974194
ARCI-21,Arciszewskiego,A,52.3925958249,16.885637641
PALA-21,Palacza,A,52.3883791972,16.8813514709
ROSR-22,Rondo Śródka,A|N,52.4104236471,16.9555842876
KATE-22,Katedra,A|N,52.4102469425,16.9476234913
NASE-24,Naramowicka/Serbska,A|N,52.4324701675,16.9457083941
ROSO-24,Rondo Solidarności,A,52.4352926607,16.9377100468
POLA-22,Połabska,A|N,52.4357374403,16.929577589
OSZW-22,Os. Zwycięstwa,A|N,52.435923854,16.925650835
WRZO-22,Wrzoska,A|N,52.4353122834,16.9105929136
DOZD-21,Dojazd,A,52.4360383181,16.9022405148
SMSW-21,Szpital Msw,A,52.4377454337,16.9039785862
LU I-21,Lutycka I,A|N,52.4408488136,16.9011569023
LUII-21,Lutycka II/Pharmgas,A|N,52.4385760753,16.8945264816
SZKA-21,Szczawnicka,A,52.4385433732,16.8904924393
TRUS-21,Truskawiecka,A,52.4421012222,16.8867373466
DRUS-21,Druskienicka,A,52.4448478944,16.8881320953
DUKI-22,Dukielska,A,52.4490591258,16.8898165226
SZSZ-21,Szarych Szeregów,A,52.4590297687,16.878465414
SZSZ-22,Szarych Szeregów,A,52.45895132,16.8784546852
DUKI-21,Dukielska,A,52.4490623952,16.8895804882
DRUS-22,Druskienicka,A,52.4446974858,16.8877243996
TRUS-22,Truskawiecka,A,52.4421600812,16.8865227699
SZKA-22,Szczawnicka,A,52.438406024,16.8902134895
LUII-22,Lutycka II/Pharmgas,A|N,52.4384485368,16.8945479393
LU I-22,Lutycka I,A|N,52.440734362,16.9012534618
SMSW-22,Szpital Msw,A,52.437833731,16.9042146206
DOZD-22,Dojazd,A,52.4366335269,16.9013500214
WRZO-21,Wrzoska,A|N,52.4349885073,16.9100350142
OSZW-21,Os. Zwycięstwa,A|N,52.4356000824,16.9255971909
POLA-23,Połabska,A,52.4352468743,16.9313800335
ROSO-23,Rondo Solidarności,A|N,52.4341021989,16.9402956963
MAGA-23,Małe Garbary,A|N,52.4106559798,16.9391423464
KATE-21,Katedra,A|N,52.4100833266,16.9489699602
RUDN-22,Rudnicze,A,52.3768698132,16.8416976929
RUDN-21,Rudnicze,A,52.3760052603,16.8438434601
WOLO-22,Wołowska,A,52.3705490176,16.8427866697
TRZE-21,Trzebińska n/ż,A,52.3678697754,16.8420892954
SYCO-21,Sycowska n/ż,A,52.3618949385,16.8368911743
AUCH-21,Auchan/Sycowska,A,52.3550281194,16.838285923
AUCH-22,Auchan/Sycowska,A,52.3548970629,16.8391656876
SYCO-22,Sycowska n/ż,A,52.361396999,16.8366765976
TRZE-22,Trzebińska n/ż,A,52.3677977153,16.8422019482
WOLO-23,Wołowska,A,52.3702149401,16.8431353569
RUDN-24,Rudnicze,A,52.3759528627,16.8438649178
RUDN-23,Rudnicze,A,52.376902561,16.8416762352
WOLO-24,Wołowska,A,52.3706538258,16.842802763
KURL-22,Kurlandzka,A|N,52.3918330642,16.9836080074
OSZO-22,Os. Zodiak,A|N,52.3912699877,16.9885325432
M1 I-23,Centrum M1,A,52.3846696722,16.996922493
M1 I-24,Centrum M1,A,52.3846631238,16.9971263409
OSZO-21,Os. Zodiak,A|N,52.3912143344,16.9900399446
KURL-21,Kurlandzka,A|N,52.3921145997,16.9822776318
L II-21,Os. Lecha II,A,52.3871580023,16.9713717699
L I-23,Os. Lecha I,A,52.3897280381,16.9681531191
OGDY-25,Ogrody,A,52.4176810124,16.8811798096
PONZ-21,Polska n/ż,A|N,52.419909026,16.8730527163
BUZA-21,Bużańska,A|N,52.4236155892,16.8669748306
PLOT-21,Przelot,A|N,52.4261311638,16.8604463339
PILO-21,Pilotów,A|N,52.4276881965,16.8548083305
TATR-21,Tatrzańska,A|N,52.4294610534,16.8481725454
KOLO-21,Kołobrzeska,A|N,52.431492228,16.8386185169
SMOC-21,Smochowice,A|N,52.4321136637,16.8325889111
LUPO-21,Łupowska,A|N,52.4354103969,16.829059124
BRAN-21,Braniewska,A|N,52.4353188243,16.821269989
CZKA-21,Człopska,A|N,52.4352403334,16.8141245842
MIED-21,Międzyzdrojska,A|N,52.4357308995,16.8091195822
KRZY-21,Krzyżowniki,A|N,52.4415453272,16.8077516556
SLUP-21,Słupska,A|N,52.4486602531,16.8045759201
STOB-21,Stobnicka,A|N,52.4540479985,16.8012714386
SZRE-21,Szpital Rehabilitacyjny,A|N,52.4639063889,16.8006277084
CHKA-21,Chojnicka,A|N,52.4684295268,16.8014001846
PSAR-21,Psarskie,A,52.4709131331,16.8020439148
CAMP-21,Camping,A|N,52.4722725215,16.7959070206
KIDW-21,Kiekrz Dworzec,A|N,52.4753571316,16.7893409729
KIKO-21,Kiekrz Kościół,A|N,52.4774482697,16.7844486237
ADMI-21,Admiralska n/ż,A|N,52.4753832714,16.776638031
KIEK-21,Kiekrz,A|N,52.473605727,16.7741060257
KIEK-22,Kiekrz,A|N,52.4735273042,16.7741060257
ADMI-22,Admiralska n/ż,A|N,52.4755923896,16.7774105072
WIMO-21,Wilków Morskich n/ż,A|N,52.477709655,16.780371666
KIKO-22,Kiekrz Kościół,A|N,52.4767686607,16.7851781845
KIDW-22,Kiekrz Dworzec,A|N,52.4750957323,16.7890834808
CAMP-22,Camping,A|N,52.4720111039,16.7957353592
PSAR-22,Psarskie,A,52.4709654181,16.8015289307
CHKA-22,Chojnicka,A|N,52.4687432532,16.8010997772
SZRE-22,Szpital Rehabilitacyjny,A|N,52.4639848288,16.7999839783
STOB-22,Stobnicka,A|N,52.4539433884,16.8009281158
SLUP-22,Słupska,A|N,52.4486340974,16.804060936
KRZY-22,Krzyżowniki,A|N,52.4418396254,16.8074941635
MIED-22,Międzyzdrojska,A|N,52.4350702692,16.8089103699
CZKA-22,Człopska,A,52.4350441054,16.814596653
BRAN-22,Braniewska,A,52.4351651128,16.8212485313
LUPO-22,Łupowska,A,52.435266497,16.8290376663
SMOC-22,Smochowice,A|N,52.4310016147,16.8333506584
KOLO-22,Kołobrzeska,A|N,52.4311226331,16.8385916948
TATR-22,Tatrzańska,A|N,52.4290979834,16.8486714363
PILO-22,Pilotów,A|N,52.4276031499,16.8541806936
PLOT-22,Przelot,A|N,52.4259414375,16.8602478504
BUZA-22,Bużańska,A|N,52.4234847361,16.8665724993
PIAT-24,Piątkowska,A,52.4413229672,16.9120573997
PIAT-21,Piątkowska,A,52.4403419541,16.9124543667
WLOA-21,Włościańska,A|N,52.444069688,16.913741827
SUSZ-21,Suszki,A|N,52.4469143253,16.9141066074
STOI-23,Stoińskiego,A|N,52.4512888229,16.927716136
STRU-21,Strugarka,A|N,52.4539172358,16.9277966022
OSBI-21,Os. Batorego I,A|N,52.4569442931,16.9277751446
OSBA-23,Os. Batorego II,A|N,52.460284929,16.928794384
INFI-21,Instytut Fizyki,A,52.4639063889,16.9309401512
ORP-21,Os. Różany Potok,A|N,52.4651679466,16.9417333603
ORP-23,Os. Różany Potok,A|N,52.4666255564,16.9422161579
ORP-24,Os. Różany Potok,A|N,52.4665340487,16.9422698021
ORP-22,Os. Różany Potok,A|N,52.4652921395,16.9417440891
INFI-22,Instytut Fizyki,A,52.4638148755,16.9307363033
OSBA-24,Os. Batorego II,A|N,52.460317615,16.9285905361
OSBI-22,Os. Batorego I,A|N,52.4568789161,16.9274961948
STRU-22,Strugarka,A|N,52.4532111104,16.927485466
SUSZ-22,Suszki,A|N,52.4469143253,16.9138491154
WLOA-22,Włościańska,A|N,52.4447236438,16.9137632847
PIAT-25,Piątkowska,A,52.4413949074,16.9121110439
R SZ-25,Os. Rusa Szpital,A,52.3888997499,16.9922930002
OAK-22,Os.Armii Krajowej,A|N,52.3817653517,16.9519525766
OBOH-22,Os.Bohaterów II W. Ś.,A|N,52.3835302321,16.9474518299
ORZE-22,Os. Rzeczypospolitej,A|N,52.3853277837,16.9452309608
OPIA-22,Os. Piastowskie,A|N,52.3917283063,16.9483906031
RRAT-21,Rondo Rataje,A|N,52.3947334489,16.9495278597
OPIA-21,Os. Piastowskie,A|N,52.3911554073,16.9474840164
ORZE-21,Os. Rzeczypospolitej,A|N,52.3845518004,16.9442331791
OBOH-21,Os.Bohaterów II W. Ś.,A|N,52.3834156316,16.9472104311
OAK-21,Os.Armii Krajowej,A|N,52.3816736677,16.9521832466
R SZ-21,Os. Rusa Szpital,A,52.3897607764,16.9941437244
ROSR-23,Rondo Śródka,A|N,52.4107705096,16.9578909874
ZAWA-21,Zawady,A|N,52.4150504372,16.9587922096
KORO-21,Koronkarska,A|N,52.4166602108,16.9602942467
STUD-21,Studzienna,A|N,52.4194215554,16.9661736488
RWSC-21,Rynek Wschodni,A|N,52.4212012877,16.9708514214
GLOW-21,Główna,A|N,52.4232295716,16.9768381119
BALA-22,Bałtycka,A,52.4265923914,16.977648139
CHEM-21,Chemiczna,A,52.4277438038,16.9658946991
WIII-21,Wilczak II,A,52.4314595206,16.9519203901
ESTO-21,Estońska,A,52.442827145,16.9360685349
UMUL-21,Umultowska,A,52.4437557857,16.9291162491
SARM-21,Sarmacka,A,52.4470320305,16.9278663397
STOI-24,Stoińskiego,A,52.4503930344,16.9272387028
SARM-22,Sarmacka,A,52.4455149175,16.9280219078
UMUL-24,Umultowska,A,52.4430920058,16.9305539131
ESTO-22,Estońska,A,52.4426799995,16.9364011288
NASE-23,Naramowicka/Serbska,A,52.4313941058,16.9474411011
WIII-22,Wilczak II,A,52.4310670301,16.9533634186
CHEM-22,Chemiczna,A,52.4272727751,16.9666457176
BALA-23,Bałtycka,A|N,52.4258727434,16.9779539108
GLOW-22,Główna,A|N,52.422313584,16.9753575325
RWSC-22,Rynek Wschodni,A|N,52.4213844914,16.970808506
STUD-22,Studzienna,A|N,52.419565507,16.9654870033
KORO-22,Koronkarska,A|N,52.4163461133,16.9596290588
ZAWA-22,Zawady,A|N,52.4135060464,16.9570112228
PLWL-01,Pl. Wiosny Ludów,T,52.4049651122,16.9317340851
LAKO-01,Łąkowa,T,52.4021472229,16.9342178106
AWF-03,AWF,T,52.3990280252,16.9360095263
SERA-01,Serafitek,T,52.3971262865,16.9446140528
RRAT-02,Rondo Rataje,T,52.3959740745,16.9493025541
RRAT-01,Rondo Rataje,T,52.3960329951,16.9493669271
SERA-02,Serafitek,T,52.3968906092,16.9459927082
AWF-02,AWF,T,52.3995288137,16.9355964661
LAKO-02,Łąkowa,T,52.4021374042,16.9343304634
PLWL-02,Pl. Wiosny Ludów,T,52.405099293,16.9317179918
ZAWA-02,Zawady,T,52.4131264845,16.9579392672
RSTA-03,Rondo Starołęka,T,52.3805570719,16.9421947002
HEWI-01,Hetm/Wiadukt,T,52.3828360761,16.9291591644
ROLN-01,Rolna,T,52.3840737618,16.9183391333
TRAU-03,Traugutta,T,52.3847908178,16.9152063131
KOLE-01,Kolejowa,T,52.3871678244,16.9028842449
GLHE-03,Głogowska/Hetmańska,T,52.3899146463,16.8950521946
ARCI-01,Arciszewskiego,T,52.3927889682,16.8869197369
AREN-01,Arena,T,52.3983602984,16.8888401985
RJNJ-03,R Jana Nowaka-Jeziorańsk,T,52.4031912703,16.8891996145
BUKO-01,Bukowska,T,52.409968795,16.8889045715
ZERO-01,Żeromskiego,T,52.4156001226,16.8909215927
OGDY-01,Ogrody,T,52.4166405798,16.8827837706
OGDY-02,Ogrody,T,52.4167387348,16.8828642368
ZERO-03,Żeromskiego,T,52.4154888773,16.8908679485
BUKO-02,Bukowska,T,52.4099622503,16.8887543678
RJNJ-04,R Jana Nowaka-Jeziorańsk,T,52.4019933957,16.8892371655
AREN-02,Arena,T,52.398271922,16.8887597322
ARCI-02,Arciszewskiego,T,52.392766053,16.8867266178
GLHE-04,Głogowska/Hetmańska,T,52.3899146463,16.8945586681
KOLE-02,Kolejowa,T,52.3870728775,16.9028091431
TRAU-04,Traugutta,T,52.3853670736,16.9138598442
ROLN-02,Rolna,T,52.3839853568,16.9182425737
HEWI-02,Hetm/Wiadukt,T,52.382750943,16.9290304184
RSTA-04,Rondo Starołęka,T,52.3804719344,16.9420605898
ROSR-07,Rondo Śródka,T,52.4104629147,16.9573867321
ZAWA-01,Zawady,T,52.4131166682,16.9578373432
ZIII-21,Żegrze III,A|N,52.3835105864,16.9692099094
Z II-21,Żegrze II,A|N,52.3812610872,16.9666564465
Z I-21,Żegrze I,A|N,52.3789034105,16.9599026442
OBOD-21,Obodrzycka,A|N,52.3715348593,16.957526207
WARO-21,Warowna,A|N,52.3675979116,16.9480901957
OKOP-21,Okopowa,A|N,52.3669591891,16.9440346956
FORT-21,Forteczna,A|N,52.3681874935,16.9373291731
STAR-21,Starołęka,A|N,52.3687312121,16.9324743748
STAR-22,Starołęka,A|N,52.368806546,16.9323134422
FORT-22,Forteczna,A|N,52.3681187094,16.9370877743
OKOP-22,Okopowa,A|N,52.3669690156,16.943385601
WARO-22,Warowna,A|N,52.3671753731,16.947478652
OBOD-22,Obodrzycka,A|N,52.3716593161,16.958116293
OB I-23,Os.Orła Białego I n/ż,A|N,52.3746429003,16.9644087553
Z I-22,Żegrze I,A|N,52.3787298543,16.9608950615
Z II-22,Żegrze II,A|N,52.3796074521,16.9644141197
ZIII-22,Żegrze III,A|N,52.3810777168,16.9670855999
CHRZ-21,Chrzanowska,A|N,52.3474163666,17.005559206
OSNZ-21,Ostrowska n/ż,A|N,52.3541369273,17.0017290115
SPKA-21,Spławska,A|N,52.3568104498,17.0003342628
RSTA-21,Rondo Starołęka,A|N,52.3815001224,16.9430851936
STOM-21,Stomil,A|N,52.3766176537,16.9401669502
BYST-21,Bystra,A|N,52.3712761189,16.9344860315
STAR-01,Starołęka,A|N,52.3681449129,16.9333648682
STAR-02,Starołęka,A|N,52.3682333496,16.9334506989
BYST-22,Bystra,A|N,52.3705293661,16.9339978695
STOM-22,Stomil,A|N,52.376453913,16.9403332472
RSTA-22,Rondo Starołęka,A|N,52.3820567747,16.9439649582
MT-02,Most Teatralny,A|N,52.4107443314,16.9127708673
RJEZ-03,Rynek Jeżycki,A|N,52.4122397365,16.9061082602
KOSC-21,Kościelna,A|N,52.4139510459,16.9050300121
JEZY-21,Jeżycka,A|N,52.4166863855,16.9068861008
NADW-21,Nad Wierzbakiem,A|N,52.4218686688,16.9091498852
WOPO-23,Wojska Polskiego,A|N,52.4283587504,16.90071702
PIAT-23,Piątkowska,A|N,52.4413752873,16.9125509262
ROOB-22,Rondo Obornicka,A|N,52.4430723866,16.9077980518
PESK-22,Podolańska,A|N,52.4335789089,16.8869948387
GOKA-21,Golęcińska,A|N,52.4323949422,16.8844306469
LINZ-21,Literacka n/ż,A|N,52.440381195,16.8716847897
HEZJ-21,Hezjoda,A|N,52.4453121958,16.8746674061
LITE-21,Literacka,A|N,52.4469502908,16.874576211
LITE-22,Literacka,A|N,52.4469372125,16.8745493889
HEZJ-22,Hezjoda,A|N,52.4446647882,16.8739914894
LINZ-22,Literacka n/ż,A|N,52.4402634721,16.8715560436
GOKA-22,Golęcińska,A|N,52.4312305682,16.8853211403
PESK-21,Podolańska,A|N,52.4339190481,16.8874239922
ROOB-21,Rondo Obornicka,A|N,52.4429056225,16.9079267979
PIAT-22,Piątkowska,A|N,52.4413622073,16.912368536
WIWI-21,Witosa Wiadukt,A|N,52.4344063584,16.905593276
WIKL-21,Witosa Kładka,A|N,52.4306352865,16.9025838375
NADW-22,Nad Wierzbakiem,A|N,52.4208937656,16.9084310532
JEZY-22,Jeżycka,A|N,52.4167649095,16.9061136246
KOSC-22,Kościelna,A|N,52.4133162659,16.9038927555
RJEZ-04,Rynek Jeżycki,A|N,52.4121612044,16.9060277939
RKAP-27,Rondo Kaponiera,A|N,52.4077599141,16.9111937284
NOVO-22,Novotel,A|N,52.4093961328,16.9727396965
ROSR-21,Rondo Śródka,A|N,52.4096906457,16.9576871395
NOVO-21,Novotel,A|N,52.4090165355,16.9724071026
MARC-21,Marcelińska,A|N,52.4043040208,16.8740558624
RYCE-21,Rycerska,A|N,52.4043302028,16.8675756454
JUGO-21,Jugosłowiańska,A|N,52.3893908317,16.8668675423
OSKO-21,Os. Kopernika,A|N,52.3856060866,16.8637722731
KACZ-23,Kacza n/ż,A|N,52.3826658097,16.8603819609
KACZ-21,Kacza,A|N,52.381120285,16.8622326851
KACZ-22,Kacza,A|N,52.3808812478,16.8625438213
KACZ-24,Kacza n/ż,A|N,52.3827574917,16.8606126308
OSKO-22,Os. Kopernika,A|N,52.3851018659,16.8634128571
JUGO-22,Jugosłowiańska,A|N,52.389430118,16.8674254417
RYCE-22,Rycerska,A|N,52.4040683819,16.8691420555
RKAP-23,Rondo Kaponiera,A|N,52.4078188191,16.9111776352
OSDE-22,Os. Dębina,A|N,52.3605485233,16.9040107727
SAMO-22,Samotna,A|N,52.360374895,16.9047886133
AZAL-22,Azaliowa,A|N,52.3638866406,16.9075942039
LOZO-22,Łozowa,A|N,52.3689244598,16.9081950188
DOWI-22,Dolna Wilda,A|N,52.3703656028,16.9162845612
PINZ-22,Piastowska n/ż,A|N,52.3730250432,16.9180333614
WSPO-21,Wspólna,A|N,52.3773250065,16.9073957205
HCP-02,Hcp,A|N,52.3822925312,16.9121861458
TRAU-02,Traugutta,A|N,52.3845976395,16.9139295816
KOSI-02,Kosińskiego,A|N,52.3901208966,16.9192403555
RYWI-02,Rynek Wildecki,A|N,52.3940591101,16.9214451313
SWCZ-02,Św. Czesława,A|N,52.3979151416,16.9214612246
SKLA-21,Składowa,A|N,52.4056589203,16.9186556339
ZAME-23,Zamek,A|N,52.4076061064,16.9169121981
SKLA-22,Składowa,A|N,52.4054756513,16.9186019897
NIEZ-22,Niezłomnych,A|N,52.4025759726,16.9214344025
SWCZ-01,Św. Czesława,A|N,52.3979478739,16.9215202332
RYWI-01,Rynek Wildecki,A|N,52.3941638624,16.9215631485
KOSI-01,Kosińskiego,A|N,52.3898197054,16.9191330671
TRAU-01,Traugutta,A|N,52.3846631238,16.9141280651
HCP-01,Hcp,A|N,52.382750943,16.9123899937
WSPO-01,Wspólna,A|N,52.3778325907,16.9080287218
DOWI-21,Dolna Wilda,A|N,52.3719901076,16.9169282913
LOZO-21,Łozowa,A|N,52.369553328,16.9085222483
AZAL-21,Azaliowa,A|N,52.363801471,16.9073367119
OSDE-21,Os. Dębina,A|N,52.3604731752,16.9040590525
EDWA-21,Edwardowo n/ż,A|N,52.4100113353,16.8484139442
BRZE-21,Brzechwy,A|N,52.4076551941,16.8441009521
WIEC-21,Wieczorynki,A|N,52.4084864027,16.8404531479
OBA-21,Os. Bajkowe,A|N,52.4109406676,16.8336188793
PERZ-21,Perzycka,A|N,52.412059767,16.8190383911
LAWI-22,Ławica,A|N,52.4096251986,16.8233835697
MALE-22,Malechowska,A|N,52.4118045363,16.8300676346
OBA-22,Os. Bajkowe,A|N,52.4104825485,16.834294796
WIEC-22,Wieczorynki,A|N,52.4084274987,16.8401312828
BRZE-22,Brzechwy,A|N,52.4078711789,16.8431138992
EDWA-22,Edwardowo n/ż,A|N,52.4100506033,16.8484568596
RAKO-21,Rakoniewicka,A|N,52.3787331289,16.8803805113
RAKO-23,Rakoniewicka n/ż,A|N,52.377711426,16.8806916475
LESZ-22,Leszczyńska,A|N,52.3761460788,16.8788677454
SMIE-22,Śmiełowska,A|N,52.3738569043,16.8770974874
KOZM-22,Koźmińska,A|N,52.3699005118,16.8762874603
BUCZ-22,Buczka,A|N,52.3639095708,16.8788462877
OKUL-22,Okulickiego,A|N,52.3596934791,16.8810403347
SWIE-22,Świerczewo,A|N,52.3569349481,16.885010004
KORF-22,Korfantego,A|N,52.3594641541,16.8873596191
BEDZ-22,Będzińska,A|N,52.3614166546,16.8899130821
CIES-22,Cieszyńska,A|N,52.3662058121,16.8956851959
DEEC-21,Dębiec,A|N,52.3712368164,16.9015645981
DEEC-22,Dębiec,A|N,52.3711254593,16.9014894962
PRCZ-22,Przełęcz,A|N,52.3774527218,16.8880677223
SZYM-21,Szymanowskiego,A|N,52.4602587802,16.9170355797
OPIE-21,Opieńskiego,A|N,52.4598371285,16.9221317768
OSBA-22,Os. Batorego II,A|N,52.4593762488,16.9274532795
RUBI-21,Rubież,A|N,52.450661119,16.9480419159
BRON-21,Bronisza,A|N,52.4548848707,16.9480633736
BURY-21,Burysława,A|N,52.458088375,16.947054863
MAPO-21,Maków Polnych,A|N,52.4633736477,16.9480848312
KRES-21,Kresowa,A|N,52.4679295207,16.9476985931
RUMA-21,Rumiankowa,A|N,52.4749715672,16.9466793537
DUNZ-21,Dziurawcowa n/ż,A|N,52.4795001024,16.9451880455
UMTA-21,Umultowo,A|N,52.4817870642,16.9439220428
LOPI-21,Łopianowa,A|N,52.4869224939,16.9426989555
LUGO-22,Os. Lubczykowa Góra,A|N,52.4894246553,16.9416689873
LOPI-22,Łopianowa,A|N,52.4868832944,16.9422912598
UMTA-22,Umultowo,A|N,52.4819438801,16.9434285164
DUNZ-22,Dziurawcowa n/ż,A|N,52.479160315,16.9450807571
RUMA-22,Rumiankowa,A|N,52.4757622974,16.9461536407
KRES-22,Kresowa,A|N,52.4674131685,16.9475322962
MAPO-22,Maków Polnych,A|N,52.4634586252,16.9478970766
BURY-22,Burysława,A|N,52.4579641619,16.9468832016
BRON-22,Bronisza,A|N,52.4543683655,16.9478756189
RUBI-22,Rubież,A|N,52.4494776113,16.9476664066
OSBA-21,Os. Batorego II,A|N,52.459824054,16.9275820255
OPIE-22,Opieńskiego,A|N,52.4600561264,16.9230759144
SOB-21,Os. Sobieskiego,A|N,52.4628670473,16.9166868925
SODW-21,Sobieskiego Dworzec,A|N,52.4653052124,16.9158983231
GADW-22,Garbary Dworzec,A,52.4166078614,16.9390511513
NOGO-22,Nowowiejskiego,A,52.4150177177,16.9198250771
KLIN-21,Klin n/ż,A,52.4188588309,16.9141387939
WOPO-21,Wojska Polskiego,A,52.4281952016,16.8987965584
GOLE-21,Golęcin,A,52.4307137857,16.8911039829
LUBI-21,Lubieńska,A,52.4482548379,16.8865013123
KART-21,Kartuska,A,52.4538649306,16.8800640106
KOSO-21,Kosowska,A,52.4554863627,16.877682209
BIAL-23,Białczańska,A,52.457918399,16.8780899048
SYPU-21,Synów Pułku,A,52.4600103658,16.8742704391
SUCH-21,Sucholeska,A,52.462599037,16.8684983253
PODO-23,Podolany,A,52.4619714943,16.8657946587
INMR-21,Instytut Mr,A|N,52.4563493587,16.8560099602
SZYN-21,Strzeszyn,A|N,52.4523742064,16.850130558
SZYN-22,Strzeszyn,A|N,52.4523545913,16.8497121334
INMR-22,Instytut Mr,A|N,52.4560747709,16.8560314178
PODO-24,Podolany,A,52.4614223871,16.8654727936
SUCH-22,Sucholeska,A,52.4626513318,16.8674898148
SYPU-22,Synów Pułku,A,52.4599580678,16.8738412857
KART-22,Kartuska,A,52.4539956935,16.8794417381
LUBI-22,Lubieńska,A,52.4482286819,16.8860936165
GOLE-22,Golęcin,A,52.4304063299,16.8913936615
KLIN-22,Klin n/ż,A,52.4184793151,16.9139242172
NOGO-21,Nowowiejskiego,A,52.4150766129,16.9194602966
GADW-21,Garbary Dworzec,A,52.4166209487,16.9390082359
OGDY-24,Ogrody,A,52.4175501417,16.8813514709
LEKA-21,Leśnowolska,A,52.4319468581,16.8222570419
WICH-21,Wichrowa,A|N,52.4321987015,16.8108254671
KRZY-23,Krzyżowniki,A,52.4414079874,16.8077731133
KRZY-24,Krzyżowniki,A,52.4414864673,16.8076121807
WICH-22,Wichrowa,A|N,52.4316132451,16.8093234301
LEKA-22,Leśnowolska,A|N,52.4316557645,16.8224233389
MILC-21,Milczańska,A,52.3866243328,16.9675576687
RODA-21,Rodawska,A,52.363532858,16.9966864586
LOPA-21,Łopawska,A,52.3691668372,16.9933605194
LIBE-21,Libelta,A|N,52.4124982368,16.9202327728
MRAG-22,Mrągowska,A,52.3824693477,16.8653869629
TREB-22,Trębacka,A|N,52.3871449062,16.8683159351
SSKA-22,Szymborska,A,52.393083592,16.8884539604
CHOC-22,Chociszewskiego,A,52.3915908112,16.8930029869
SOEJ-22,Sczanieckiej,A,52.3939805457,16.8964040279
WYSP-22,Wyspiańskiego,A,52.3974176081,16.8996763229
PALM-22,Palmiarnia,A,52.401044237,16.9001483917
MATE-24,Matejki,A,52.4068436052,16.9011032581
KRAS-22,Kraszewskiego,A,52.4083882293,16.9018757343
RJEZ-01,Rynek Jeżycki,A|N,52.4119157909,16.9037747383
TOLT-21,Tołstoja,A,52.4508343923,16.8698823452
PUSA-21,Puszkina,A,52.4528155445,16.8657410145
PUSA-22,Puszkina,A,52.4528416977,16.8656820059
TOLT-22,Tołstoja,A,52.4507003508,16.8697160482
RJEZ-02,Rynek Jeżycki,A|N,52.412059767,16.9036352634
KRAS-21,Kraszewskiego,A|N,52.4088332804,16.9018435478
MATE-23,Matejki,A,52.4050305663,16.9000196457
PALM-21,Palmiarnia,A,52.4020915833,16.8996763229
WYSP-21,Wyspiańskiego,A,52.3982359168,16.9001805782
SOEJ-21,Sczanieckiej,A,52.3949233094,16.8969511986
CHOC-21,Chociszewskiego,A,52.3916693799,16.8937969208
SSKA-21,Szymborska,A,52.3929330068,16.8891942501
SCIE-23,Ściegiennego,A|N,52.3897869671,16.8733102083
TREB-21,Trębacka,A|N,52.3871121659,16.8671947718
MRAG-21,Mrągowska,A,52.3825086402,16.8652153015
SLEZ-22,Ślężańska,A|N,52.3818079192,16.9733029604
R SZ-24,Os. Rusa Szpital,A,52.3898328007,16.9926041365
FASA-21,Fabryka Samochodów,A|N,52.4095303,17.0290929079
SMOL-21,Smołdzinowska,A|N,52.4094452184,17.0343393087
GORS-21,Górska,A|N,52.4146381687,17.040143609
ZIEL-21,Zieliniec,A|N,52.4151551398,17.0451378822
ZIEL-22,Zieliniec,A|N,52.4152205787,17.0453095436
GORS-22,Górska,A|N,52.4147886799,17.039886117
SMOL-22,Smołdzinowska,A|N,52.4094779421,17.0341944695
FASA-22,Fabryka Samochodów,A|N,52.4096481051,17.0296132565
BIGO-23,Biała Góra,A,52.3932701861,16.9908285141
CZII-21,Os.Czecha II,A|N,52.3829670498,16.9762319326
SIEL-02,Sielska,A|N,52.3840410192,16.8871718645
KRAU-02,Krauthofera,A|N,52.3870663294,16.8910932541
GLHE-02,Głogowska/Hetmańska,A|N,52.3904024431,16.8946391344
RYLA-02,Rynek Łazarski,A|N,52.3944912119,16.8992364407
PAWI-02,Park Wilsona,A|N,52.3981999115,16.903334856
DWZA-02,Dworzec Zachodni,A|N,52.4018166573,16.9092732668
MODW-52,Most Dworcowy,A|N,52.4039145613,16.9111508131
RKAP-24,Rondo Kaponiera,A|N,52.407831909,16.9108986855
MODW-51,Most Dworcowy,A|N,52.4034138226,16.9106680155
DWZA-01,Dworzec Zachodni,A|N,52.4018919348,16.9092035294
PAWI-01,Park Wilsona,A|N,52.3982522828,16.9032490253
RYLA-01,Rynek Łazarski,A|N,52.3936597395,16.8980884552
GLHE-91,Głogowska/Hetmańska,A|N,52.3905006565,16.8945908546
KRAU-01,Krauthofera,A|N,52.3876261855,16.8915116787
SIEL-01,Sielska,A|N,52.3840835846,16.8871289492
OLOK-22,Os. Łokietka,A,52.4520145944,16.9344806671
PRNZ-21,Przepadek n/ż,A|N,52.4198501372,16.9218152761
WIKA-22,Wielkopolska,A|N,52.4154365265,16.9180065393
BUKO-22,Bukowska,A,52.4090034459,16.8882232904
OPAL-21,Opalenicka,A,52.4048603856,16.8868124485
SZAM-21,Szamotulska,A,52.4046574769,16.8817162514
TECZ-21,Tęczowa,A,52.3928413459,16.878336668
SCIE-24,Ściegiennego,A,52.3904711925,16.8748390675
TECZ-22,Tęczowa,A,52.3925434469,16.8783420324
MARC-22,Marcelińska,A,52.4042712932,16.8762284517
SZAM-22,Szamotulska,A,52.404444749,16.880595088
OPAL-22,Opalenicka,A,52.4047654768,16.8868017197
OLOK-21,Os. Łokietka,A,52.4519361332,16.9345128536
KWIA-22,Os. Kwiatowe,A|N,52.3784285853,16.8262052536
JUNI-23,Junikowo,A|N,52.382901563,16.8339461088
ZIEB-22,Ziębicka,A|N,52.3860415452,16.8431836367
BUDZ-22,Budziszyńska,A|N,52.3885461676,16.8505007029
JAWO-22,Jawornicka,A|N,52.3902322059,16.8553179502
BABI-22,Babimojska,A|N,52.3918919904,16.8580967188
BULG-22,Bułgarska,A|N,52.3955845414,16.8636274338
KASZ-22,Kasztelanów,A|N,52.3967007572,16.8678116798
GROC-22,Grochowska,A|N,52.398674524,16.8757724762
OSTR-22,Ostroroga,A|N,52.4003961789,16.8824189901
RJNJ-22,R Jana Nowaka-Jeziorańsk,A|N,52.402621793,16.8900310993
MATE-22,Matejki,A|N,52.4052072918,16.8993544579
MATE-01,Matejki,A|N,52.405874915,16.901113987
WOJS-21,Wojskowa,A|N,52.4033385477,16.8919569254
RJNJ-21,R Jana Nowaka-Jeziorańsk,A|N,52.4019835769,16.8867909908
OSTR-21,Ostroroga,A|N,52.4005631039,16.8818289042
GROC-21,Grochowska,A|N,52.3989625622,16.8753862381
KASZ-21,Kasztelanów,A|N,52.3969658952,16.8676882982
BULG-21,Bułgarska,A|N,52.3959511609,16.8638259172
BABI-21,Babimojska,A|N,52.391895264,16.8570882082
JAWO-21,Jawornicka,A|N,52.3903991693,16.8545508385
BUDZ-21,Budziszyńska,A|N,52.3887131373,16.8502002954
ZIEB-21,Ziębicka,A|N,52.3862576359,16.8432587385
CMRZ-02,Junikowo/Cmentarz,A|N,52.3838576605,16.8364351988
JUNI-21,Junikowo,A|N,52.3822597873,16.8318164349
KWIA-21,Os. Kwiatowe,A|N,52.3784285853,16.8261730671
DEEC-02,Dębiec,T,52.3729988426,16.9036889076
WSPO-02,Wspólna,T,52.3773577541,16.9075137377
HCP-92,Hcp,T,52.3822892568,16.9121968746
TRAU-92,Traugutta,T,52.3846958659,16.9142514467
KOSI-92,Kosińskiego,T,52.3901045276,16.9193100929
RYWI-04,Rynek Wildecki,T,52.3937906811,16.9221425056
ROZA-02,Różana,T,52.3973783289,16.9251036644
POLW-02,Półwiejska,T,52.3999281311,16.9281291962
ZEYL-01,Zeylanda,T,52.4083751395,16.9084095955
KRAS-91,Kraszewskiego,T,52.4090885283,16.9031631947
RJEZ-91,Rynek Jeżycki,T,52.4123215405,16.9041180611
PONA-91,Polna,T,52.4142062642,16.8970906734
ZERO-02,Żeromskiego,T,52.4154954212,16.8909162283
PONA-92,Polna,T,52.4141539119,16.8973642588
RJEZ-92,Rynek Jeżycki,T,52.4123902558,16.9039839506
KRAS-02,Kraszewskiego,T,52.4090361699,16.9026750326
ZEYL-02,Zeylanda,T,52.4082835107,16.9084203243
AWF-01,AWF,T,52.3992015016,16.9348078966
POLW-01,Półwiejska,T,52.4000034119,16.9281291962
ROZA-01,Różana,T,52.397659829,16.9251036644
RYWI-03,Rynek Wildecki,T,52.3940492896,16.9222390652
KOSI-91,Kosińskiego,T,52.3897738717,16.9188755751
TRAU-91,Traugutta,T,52.3847024143,16.9141280651
HCP-91,Hcp,T,52.382750943,16.9124007225
WSPO-91,Wspólna,T,52.3777801952,16.907787323
DEEC-01,Dębiec,T,52.3728809397,16.9036138058
BUDZ-02,Budziszyńska,T,52.388333362,16.8476200104
JELE-02,Jeleniogórska,T,52.3891452915,16.8521046638
BABI-02,Babimojska,T,52.3914795054,16.8568843603
BULG-02,Bułgarska,T,52.3952899344,16.862270236
KASZ-02,Kasztelanów,T,52.3965927375,16.8668889999
GROC-02,Grochowska,T,52.3988774602,16.8759977818
OSTR-02,Ostroroga,T,52.4004059981,16.881904006
RJNJ-02,R Jana Nowaka-Jeziorańsk,T,52.4027854366,16.8901115656
MATE-02,Matejki,T,52.4052629274,16.8996173143
BALT-02,Bałtyk,T,52.4065163473,16.9115531445
PKS-02,Dworzec PKS,T,52.4017675632,16.9209623337
PKS-01,Dworzec PKS,T,52.4018592055,16.9209569693
BALT-01,Bałtyk,T,52.4065916168,16.9116067886
MATE-91,Matejki,T,52.4058487339,16.9012749195
WOJS-91,Wojskowa,T,52.4034400052,16.8926650286
RJNJ-01,R Jana Nowaka-Jeziorańsk,T,52.402353416,16.8881642818
OSTR-01,Ostroroga,T,52.4005041893,16.8819576502
GROC-01,Grochowska,T,52.3989069186,16.875718832
KASZ-01,Kasztelanów,T,52.3969658952,16.8680369854
BULG-01,Bułgarska,T,52.3957482112,16.8635201454
BABI-01,Babimojska,T,52.3917806853,16.8570721149
JELE-01,Jeleniogórska,T,52.3892926158,16.8521690369
BUDZ-01,Budziszyńska,T,52.3883300881,16.8476682901
KINE-22,Kinepolis,A|N,52.3741320045,16.9815158844
KINE-21,Kinepolis,A|N,52.3741582044,16.9814729691
FRAN-22,Franowo,A|N,52.3753633844,16.986322403
UAM-21,Kampus UAM Morasko,A,52.4658411984,16.9287085533
INFI-23,Instytut Fizyki,A,52.4639586821,16.9309186935
UAM-22,Kampus UAM Morasko,A,52.4658150529,16.9283437729
POLA-21,Połabska,A|N,52.4360448589,16.9309723377
PSAM-21,Połabska Sam,A|N,52.4385074008,16.9311279058
UMUL-25,Umultowska n/ż,A|N,52.4416630467,16.9300174713
UMUL-22,Umultowska,A|N,52.4429252418,16.9290947914
PSAM-22,Połabska Sam,A|N,52.4392170321,16.9303715229
BUNZ-23,Bukowska n/ż,A,52.4117194591,16.8693083525
RJNJ-24,R Jana Nowaka-Jeziorańsk,A,52.4033483662,16.889462471
BUKO-21,Bukowska,A,52.410037514,16.8890976906
PKOL-23,Przejazd Kolejowy n/ż,A,52.4659130985,16.9081950188
PKOL-21,Przejazd Kolejowy,A,52.465978462,16.912432909
PKOL-22,Przejazd Kolejowy,A|N,52.4661418706,16.9113922119
OMII-22,Os.Marysieńki II,A|N,52.465749689,16.9054913521
RJNJ-23,R Jana Nowaka-Jeziorańsk,A,52.4018690243,16.8889474869
FRAN-21,Franowo,A,52.3755467785,16.9861078262
PODR-21,Pod Rusałka,A,52.4409174844,16.8663740158
SNZ-21,Strzeszyn n/ż,A,52.4494710725,16.8521690369
SZYN-23,Strzeszyn,A,52.4523480529,16.8480491638
KRAJ-21,Krajenecka n/ż,A,52.4550940863,16.8428993225
STEK-21,Strzeszynek,A,52.4642724404,16.8283510208
PSWI-21,Psarskie Wieś,A,52.4735273042,16.8029880524
PSWI-22,Psarskie Wieś,A,52.4734750223,16.8032455444
STEK-22,Strzeszynek,A,52.4638279489,16.8281364441
KRAJ-22,Krajenecka n/ż,A,52.4547279584,16.8432855606
SZYN-24,Strzeszyn,A,52.4517988257,16.8482208252
SNZ-22,Strzeszyn n/ż,A,52.4486864088,16.8528556824
PODR-22,Pod Rusałka,A,52.4408913241,16.8655157089
HEZJ-23,Hezjoda,A,52.4452337227,16.8746352196
LITE-23,Literacka,A,52.4505041916,16.8703007698
HEZJ-24,Hezjoda,A,52.4449721445,16.8742918968
CZER-21,Czernichowska n/ż,A,52.3462202553,16.9207048416
STAS-21,Staszowska,A,52.3452240173,16.9258117676
TOMA-21,Tomaszowska,A,52.3437296183,16.9336438179
MARL-21,Marlewo,A,52.3432839106,16.9397807121
ZAKL-22,Zaklikowska,A,52.3493923372,16.9416689873
DEKA-22,Dęblińska,A,52.3517909091,16.9423341751
ROMI-23,Rondo Minikowo,A,52.3562731372,16.9430208206
PINC-22,Pińczowska,A,52.3600866049,16.9406604767
SWAC-22,Św.Antoniego Cmentarz,A,52.3629039041,16.9386649132
SWAK-22,Św.Antoniego Kościół,A,52.3642273175,16.9319701195
LOPA-22,Łopawska,A,52.3693371556,16.9929742813
RODA-22,Rodawska,A,52.3628121809,16.9967079163
SPKA-22,Spławska,A,52.3574132806,16.9996261597
OSNZ-22,Ostrowska n/ż,A,52.3537175365,17.0016431808
CHRZ-22,Chrzanowska,A,52.3472426867,17.0051193237
TAKA-22,Tarnowska,A,52.3420254174,17.010011673
SIEW-22,Siewierska,A,52.3402949308,17.0044326782
KRWI-22,Krzesiny Wiadukt,A,52.3401376105,16.9996261597
KRSZ-22,Krzesiny Szkoła,A,52.3411601826,16.9934463501
KRNY-22,Krzesiny,A,52.341369938,16.9883608818
JARO-22,Jarosławska,A,52.34313971,16.9855284691
NIZA-22,Niżańska n/ż,A,52.3457090307,16.9844555855
POKR-22,Pokrzywno,A,52.3505064441,16.9822669029
STRA-22,Strzyżowska,A,52.3557096072,16.9808292389
SANT-22,Sanocka,A,52.3611480271,16.979777813
URSZ-22,Urszulanek,A,52.3663892442,16.9825029373
WIAD-22,Wiadukt,A,52.3687213859,16.9882535934
TORO-22,Torowa n/ż,A,52.369703993,16.9885218143
PIAT-02,Piątkowska,T,52.4418069257,16.9116765261
SZLU-02,Szpital Lutycka,T,52.4396617721,16.9101208448
WRZO-02,Wrzoska,T,52.4358420937,16.9114351273
SWLE-02,Św. Leonarda,T,52.4328233979,16.9113224745
BONN-02,Bonin,T,52.4301708304,16.9107699394
UP-02,Uniwersytet Przyrodniczy,T,52.4264615472,16.9060760736
SOLA-02,Sołacz,T,52.4230332901,16.9037693739
NADW-02,Nad Wierzbakiem,T,52.4213779484,16.9083076715
KLIN-02,Klin,T,52.4186265414,16.9141227007
WIKA-02,Wielkopolska,T,52.4156721047,16.9185000658
POZN-02,Poznańska,T,52.4141800881,16.916590333
KORN-03,Kórnicka,T,52.3990803955,16.9534063339
POKA-01,Polanka,T,52.3960755489,16.9637060165
OSTY-01,Os. Tysiąclecia,T,52.3922782823,16.9722783566
OSLE-01,Os. Lecha,T,52.3896461921,16.9776535034
OSLE-02,Os. Lecha,T,52.3897116689,16.9785547256
OSTY-02,Os. Tysiąclecia,T,52.3923830389,16.9721710682
POKA-02,Polanka,T,52.3962490369,16.9636899233
KORN-04,Kórnicka,T,52.3991491314,16.9534921646
POZN-01,Poznańska,T,52.4131297566,16.915345788
WIKA-01,Wielkopolska,T,52.4156361137,16.918682456
KLIN-01,Klin,T,52.4186690734,16.9142997265
NADW-01,Nad Wierzbakiem,T,52.4214204777,16.9084900618
SOLA-01,Sołacz,T,52.4234978215,16.9036245346
UP-01,Uniwersytet Przyrodniczy,T,52.426399396,16.9060385227
BONN-01,Bonin,T,52.430138122,16.9109201431
SWLE-01,Św. Leonarda,T,52.4328005034,16.9114995003
WRZO-01,Wrzoska,T,52.4358192008,16.9116389751
SZLU-01,Szpital Lutycka,T,52.4397075539,16.9103139639
PIAT-91,Piątkowska,T,52.4418330855,16.9116175175
RYWI-92,Rynek Wildecki,T,52.3941049393,16.9214773178
SWCZ-92,Św. Czesława,T,52.3979085951,16.9214773178
SWCZ-91,Św. Czesława,T,52.3967334903,16.9212573767
RYWI-91,Rynek Wildecki,T,52.3940918452,16.9212734699
PP-02,Politechnika,T,52.400697298,16.9488197565
MORO-02,Most Św. Rocha,T,52.4027592537,16.9425272942
PLBE-02,Pl. Bernardyński,T,52.4044251126,16.9369322062
WROC-02,Wrocławska,T,52.4055934672,16.9325709343
JUKA-01,Junikowska,T,52.3864802736,16.8437737226
WIER-01,Wieruszowska,T,52.3850265597,16.8394500017
JUNI-01,Junikowo,T,52.3836677523,16.8354642391
JUNI-92,Junikowo,T,52.3831864298,16.8343859911
CMRZ-92,Junikowo/Cmentarz,T,52.3838118206,16.8364834785
WIER-02,Wieruszowska,T,52.3849512534,16.8395787477
JUKA-02,Junikowska,T,52.3867782136,16.8450075388
WROC-01,Wrocławska,T,52.4053774712,16.9328713417
PLBE-01,Pl. Bernardyński,T,52.4043302028,16.9369375706
MORO-01,Most Św. Rocha,T,52.4026610675,16.9424575567
PP-01,Politechnika,T,52.4006449296,16.9487446547
RJEZ-94,Rynek Jeżycki,T,52.4120990331,16.9063925743
OCZ-01,Os. Czecha,T,52.3862150726,16.9757008553
ZIII-01,Żegrze III,T,52.3833435969,16.9692260027
Z II-01,Żegrze II,T,52.3806553073,16.9659054279
Z I-01,Żegrze I,T,52.3790245719,16.9613134861
RZEG-01,Rondo Żegrze,T,52.3766405773,16.9547688961
RSTA-07,Rondo Starołęka,T,52.3799676551,16.9441795349
RSTA-08,Rondo Starołęka,T,52.3798301234,16.9442760944
RZEG-02,Rondo Żegrze,T,52.3765357834,16.954677701
Z I-02,Żegrze I,T,52.3789590793,16.961581707
Z II-02,Żegrze II,T,52.3805505229,16.9659858942
ZIII-02,Żegrze III,T,52.3833992601,16.9694888592
OCZ-02,Os. Czecha,T,52.3861463166,16.9757437706
MT-92,Most Teatralny,T,52.4106985195,16.9129639864
RJEZ-93,Rynek Jeżycki,T,52.4124556989,16.9051641226
KOLE-22,Kolejowa,A|N,52.3869222718,16.9027769566
TRAU-22,Traugutta,A|N,52.3852884937,16.9136291742
ROLN-22,Rolna,A|N,52.383792175,16.9180333614
HEWI-24,Hetm/Wiadukt n/ż,A|N,52.3830325364,16.9249159098
RSTA-23,Rondo Starołęka,A|N,52.3809434631,16.9422161579
HEWI-23,Hetm/Wiadukt n/ż,A|N,52.383409083,16.9254469872
ROLN-21,Rolna,A|N,52.3843651695,16.9171321392
TRAU-21,Traugutta,A|N,52.3856355538,16.9137686491
KOLE-21,Kolejowa,A|N,52.387262771,16.9030559063
RKAP-25,Rondo Kaponiera,A|N,52.4081689745,16.9114297628
ZEYL-21,Zeylanda,A|N,52.4083227802,16.9090157747
KRAS-01,Kraszewskiego,A|N,52.4091081627,16.9030237198
PONA-01,Polna,A|N,52.4143207848,16.8969672918
ZERO-24,Żeromskiego,A|N,52.415868419,16.8902671337
MIED-23,Miedzyzdrojska n/ż,A|N,52.4350800806,16.8096023798
PONZ-22,Polska n/ż,A|N,52.4201805677,16.8728274107
ZERO-23,Żeromskiego,A|N,52.4155379562,16.8900740147
PONA-02,Polna,A|N,52.4141081035,16.8968868256
WILC-24,Wilczak,A|N,52.428489589,16.9471406937
WOJT-21,Wójtowska,A|N,52.4300072883,16.9400221109
OPL-23,Os. Pod Lipami,A|N,52.4303147469,16.937468648
WILC-23,Wilczak,A|N,52.4285059438,16.9473230839
KURP-23,Kurpińskiego,A|N,52.4515438251,16.9206190109
SZNZ-21,Szeligowskiego n/ż,A|N,52.4548358357,16.9192457199
SZYM-23,Szymanowskiego,A|N,52.460252243,16.9186502695
OSBA-29,Os. Batorego II,A|N,52.4595625625,16.9272279739
UMUL-23,Umultowska,A|N,52.4432751185,16.9273138046
BALA-21,Bałtycka,A|N,52.4267624883,16.9786512852
GD I-21,Gdyńska I,A|N,52.4295232002,16.9791984558
GDNZ-23,Gdyńska I n/ż,A|N,52.4326631363,16.9799923897
GDII-21,Gdyńska II n/ż,A|N,52.4354103969,16.9806146622
GDKA-21,Gdyńska Karolin,A|N,52.4381574862,16.9817090034
KAOS-21,Karolin Osiedle,A|N,52.4446844068,16.9918584824
KOKR-21,Koziegłowy Krótka,A|N,52.4472478225,16.9967722893
KOPO-21,Koziegłowy Poznańska,A|N,52.4482286819,17.0006561279
KONZ-21,Koziegłowy n/ż,A|N,52.4423562775,17.0033597946
KOZI-21,Koziegłowy,A|N,52.4409567249,16.9972014427
KOZI-22,Koziegłowy,A|N,52.4409436447,16.997179985
KONZ-22,Koziegłowy n/ż,A|N,52.4424739949,17.003660202
KOPO-22,Koziegłowy Poznańska,A|N,52.4482679158,17.0010852814
KOKR-22,Koziegłowy Krótka,A|N,52.4473262921,16.9956994057
KAOS-22,Karolin Osiedle,A|N,52.4447628809,16.9913220406
GDKA-22,Gdyńska Karolin,A|N,52.437516514,16.9808506966
GDII-22,Gdyńska II n/ż,A|N,52.4354758058,16.9803571701
GDNZ-24,Gdyńska I n/ż,A|N,52.4329640351,16.9797348976
GD I-22,Gdyńska I,A|N,52.4297325363,16.9788765907
SWMN-21,Św. Marcin,A|N,52.4069810527,16.9203615189
PIRY-21,Piekary,A|N,52.4059240045,16.9278126955
WROC-21,Wrocławska,A|N,52.4055607406,16.9322812557
PLBE-21,Pl. Bernardyński,A|N,52.4043400211,16.9369268417
MORO-21,Most Św. Rocha,A|N,52.4024581487,16.9412505627
PP-21,Politechnika,A|N,52.4006318375,16.9487714767
RRAT-23,Rondo Rataje,A|N,52.3967662235,16.9507616758
RRAT-25,Rondo Rataje,A|N,52.394265341,16.949930191
RRAT-22,Rondo Rataje,A|N,52.3967858634,16.9513624907
PP-22,Politechnika,A|N,52.400697298,16.9488143921
MORO-22,Most Św. Rocha,A|N,52.4027625265,16.942409277
PLBE-22,Pl. Bernardyński,A|N,52.4044414763,16.936942935
WROC-22,Wrocławska,A|N,52.4056163758,16.9324421883
MRCI-22,Marcinkowskiego,A|N,52.4073541225,16.9289714098
PLWO-21,Plac Wolności,A|N,52.407972626,16.9257259369
GWAR-21,Gwarna,A|N,52.4074882959,16.9212412834
POLW-21,Półwiejska,A|N,52.3997808423,16.9280594587
AWF-21,AWF,A|N,52.3989232844,16.935993433
SERA-21,Serafitek,A|N,52.3966876639,16.9460195303
RUSA-24,Os. Rusa,A|N,52.3885167023,16.9915312529
RRAT-24,Rondo Rataje,A|N,52.3962032099,16.949377656
AWF-22,AWF,A|N,52.3993913429,16.9343680143
POLW-22,Półwiejska,A|N,52.3998561233,16.9300335646
NIEZ-21,Niezłomnych,A|N,52.4016726478,16.9230920076
MRCI-21,Marcinkowskiego,A|N,52.4080937077,16.9290626049
WYSZ-21,Wyszeborska,A,52.4132639124,16.828570962
LAWI-23,Ławica,A,52.4095139382,16.8231368065
PRCZ-21,Przełęcz,A,52.3773119075,16.8879336119
GORE-22,Górecka,A,52.3729071404,16.8931853771
JESI-22,Jesionowa,A,52.3700741027,16.8925631046
OPOL-22,Opolska,A,52.3677485833,16.8950092793
DEBI-23,Poznań Dębiec,A,52.3712171652,16.9037210941
KAST-21,Kasztanowa,A,52.3654000121,16.9039678574
AZAL-23,Azaliowa,A,52.3634738939,16.9073796272
DEBI-24,Poznań Dębiec,A,52.3712368164,16.9037747383
OPOL-21,Opolska,A,52.367968039,16.8950951099
JESI-21,Jesionowa,A,52.3702018389,16.8927240372
GORE-21,Górecka,A,52.3729464414,16.8936574459
CHWA-22,Chwaliszewo,A,52.409638288,16.9422805309
WIEL-21,Wielka,A,52.408830008,16.9383537769
BORA-21,Boranta,A,52.4565749117,16.9519418478
BORA-22,Boranta,A,52.4566304826,16.9507080317
BORN-22,Boranta n/ż,A,52.456669709,16.9479614496
CHWA-21,Chwaliszewo,A,52.4097626375,16.9427847862
STOM-03,Stomil,T,52.3765095849,16.9408750534
MALE-21,Malechowska,A,52.4118372583,16.8299818039
LAWI-21,Ławica,A,52.4095859302,16.8229436874
OWCZ-21,Owcza,A,52.4064181695,16.8180513382
PODL-21,Pod Ławica,A,52.4016791937,16.810208559
MALW-21,Malwowa,A,52.3973521427,16.8029987812
MANZ-21,Malwowa n/ż,A,52.3955452606,16.8048655987
NAWA-21,Nagietkowa,A,52.3895217859,16.8123543262
ZONK-21,Żonkilowa,A,52.3867716655,16.8182766438
GERB-21,Gerberowa,A,52.3853048645,16.8244671822
JUNI-22,Junikowo,A,52.3833206767,16.83121562
GERB-22,Gerberowa,A,52.3854161859,16.8244993687
ZONK-22,Żonkilowa,A,52.3868633389,16.8182766438
NAWA-22,Nagietkowa,A,52.3897640502,16.8123650551
MANZ-22,Malwowa n/ż,A,52.3956041818,16.8050909042
MALW-22,Malwowa,A,52.3977514799,16.8034815788
PODL-22,Pod Ławica,A,52.4014239029,16.8101012707
OWCZ-22,Owcza,A,52.4062545393,16.8180298805
SWLE-22,Św. Leonarda,A,52.4331929785,16.9136989117
KORA-22,Koronna,A,52.4292615288,16.9158017635
MAGA-24,Małe Garbary,A,52.4104400086,16.9382196665
GROL-22,Grobla,A,52.4067879715,16.9377475977
PLBE-23,Pl. Bernardyński,A,52.4039243797,16.9369804859
AWF-23,AWF,A,52.3982915612,16.9349688292
BIEL-21,Bielniki,A,52.3950280597,16.9336277246
DRDE-21,Droga Dębińska n/ż,A,52.3890307056,16.9310367107
HEWI-21,Hetm/Wiadukt,A,52.3835498779,16.92892313
DENZ-21,Dębina n/ż,A,52.3761690027,16.9260263443
PINZ-21,Piastowska n/ż,A,52.3722193676,16.9181621075
DENZ-22,Dębina n/ż,A,52.3760380089,16.926240921
HEWI-22,Hetm/Wiadukt,A,52.3823187263,16.928730011
DRDE-22,Droga Dębińska n/ż,A,52.3887687938,16.9312405586
BIEL-22,Bielniki,A,52.3949102156,16.9338262081
AWF-24,AWF,A,52.3995648179,16.9359183311
MOST-21,Mostowa,A,52.4053218357,16.9393354654
KORA-21,Koronna,A,52.4293465722,16.9160485268
SWLE-21,Św. Leonarda,A,52.4334807913,16.9137847424
CIES-21,Cieszyńska,A,52.3650265876,16.8939363956
BEDZ-21,Będzińska,A,52.3612987208,16.8894839287
KORF-21,Korfantego,A,52.359136545,16.8866622448
SWIE-21,Świerczewo,A,52.3575115674,16.8834972382
OKUL-21,Okulickiego,A,52.3594707063,16.8813836575
BUCZ-21,Buczka,A,52.3634411361,16.8792378902
KOZM-21,Koźmińska,A,52.3697367462,16.8766629696
SMIE-21,Śmiełowska,A,52.37339185,16.8768668175
LESZ-21,Leszczyńska,A,52.3761362543,16.8788731098
RAKO-24,Rakoniewicka,A,52.3779177333,16.8810617924
OOB-21,Os. Orła Białego,A,52.3759725118,16.9660449028
OOB-22,Os. Orła Białego,A,52.3759201141,16.9660770893
GLOW-23,Główna,A,52.4223724695,16.9775784016
URWI-21,Urwista,A,52.4232164862,16.9842731953
GNIE-21,Gnieźnieńska,A,52.4238184107,16.9892299175
CMEN-21,Gnieźnieńska/Cmentarz,A,52.4251465412,16.993650198
GNNZ-21,Gnieźnieńska n/ż,A,52.4273512802,17.0002377033
BOBA-21,Bogucin Bałtycka,A,52.4301512054,17.0109987259
BOGU-21,Bogucin,A,52.4318847147,17.0201718807
JANZ-21,Janikowska n/ż,A,52.4324211075,17.0033383369
PRZA-21,Prząśniczki,A,52.4339452126,17.0092499256
JANI-21,Janikowo,A,52.4362999493,17.0181655884
ASNZ-21,Asfaltowa n/ż,A,52.4405250782,17.0279717445
JAOG-21,Janikowo/Ogrodnicza,A,52.4436249924,17.032456398
JAOG-22,Janikowo/Ogrodnicza,A,52.4434811194,17.032392025
ASNZ-22,Asfaltowa n/ż,A,52.4405119979,17.0274567604
JANI-22,Janikowo,A,52.4364046014,17.0176076889
PRZA-22,Prząśniczki,A,52.4342330205,17.0095396042
JANZ-22,Janikowska n/ż,A,52.4323884009,17.0027804375
BOBA-22,Bogucin Bałtycka,A,52.4298960794,17.0092660189
GNNZ-22,Gnieźnieńska n/ż,A,52.4275213742,17.0003020763
CMEN-22,Gnieźnieńska/Cmentarz,A,52.4252773893,16.9937360287
GNIE-22,Gnieźnieńska,A,52.4239754331,16.9894659519
URWI-22,Urwista,A,52.4233735107,16.9850027561
KOPL-21,Koziegłowy Pływalnia,A,52.4494383784,16.9923573732
LESN-21,Koziegłowy/Os. Leśne,A,52.4530476539,16.9920301437
LESN-22,Koziegłowy/Os. Leśne,A,52.453028039,16.9920730591
KOPL-22,Koziegłowy Pływalnia,A,52.4480063557,16.9923198223
PIWA-22,Koziegłowy Piaskowa n/ż,A,52.4459792119,16.9903671741
WSPO-24,Wspólna n/ż,A,52.3770728496,16.9126260281
ROLN-26,Rolna n/ż,A,52.3802820117,16.915050745
ROLN-24,Rolna,A,52.3833599685,16.9174218178
PAMI-22,Pamiątkowa,A,52.3871580023,16.9166600704
ROBO-22,Robocza,A,52.3886247417,16.9110703468
ZNTK-22,Zntk,A,52.3927562321,16.9143533707
BERG-22,Bergera,A,52.3954536052,16.9177544117
NIED-22,Niedziałkowskiego,A,52.398288288,16.918848753
PKS-21,Dworzec PKS,A,52.4016726478,16.9185161591
ALSO-22,Al. Solidarności,A,52.4353449879,16.9207692146
NIED-21,Niedziałkowskiego,A,52.3988054507,16.9192779064
BERG-21,Bergera,A,52.3943406314,16.9161128998
ZNTK-21,Zntk,A,52.392638382,16.9138920307
ROBO-21,Robocza,A,52.3887164113,16.9108074903
PAMI-21,Pamiątkowa,A,52.387125262,16.91629529
ROLN-23,Rolna,A,52.3833534198,16.9172179699
ROLN-25,Rolna n/ż,A,52.3800462445,16.9146752357
WSPO-23,Wspólna n/ż,A,52.376679875,16.9135272503
ITM-22,Itm,A,52.4431933719,17.015376091
GLHE-22,Głogowska/Hetmańska,A,52.3902485749,16.8934589624
DMOW-22,Dmowskiego,A,52.3873773615,16.8970906734
DRUZ-22,Drużynowa,A,52.3802361682,16.8970799446
TARC-22,Tarczowa,A,52.3779504804,16.8953955173
TARC-21,Tarczowa,A,52.3782255551,16.8956315517
DRUZ-21,Drużynowa,A,52.3800658918,16.8971550465
DMOW-21,Dmowskiego,A,52.3871776464,16.8971014023
GLHE-21,Głogowska/Hetmańska,A,52.3905268467,16.8935823441
SS I-22,Szarych Szeregów I,A,52.4620434007,16.8857073784
LEGO-24,Łęgowskiego n/ż,A,52.4629324154,16.8898165226
LEGO-22,Łęgowskiego,A,52.4608928844,16.8929386139
HULE-22,Hulewiczów,A,52.455466749,16.8989253044
STRO-22,Stróżyńskiego,A,52.4517399796,16.9039034843
OBOR-22,Obornicka,A,52.4452010255,16.9084632397
OBOR-21,Obornicka,A,52.4442233685,16.9091284275
STRO-21,Stróżyńskiego,A,52.4521388243,16.90366745
HULE-21,Hulewiczów,A,52.4559309386,16.8986034393
LEGO-21,Łęgowskiego,A,52.4608601989,16.893260479
LEGO-23,Łęgowskiego n/ż,A,52.4633834528,16.8885612488
SS I-21,Szarych Szeregów I,A,52.4620891593,16.8854391575
